rank,sentence,romanization,original_order,frequency,complexity,grammar,structural,similarity,similar_to,final_score
1,死！,séi ！,0,89.8,9.1,0.0,5.5,0.0,,72.15
2,你先。,něi sīn 。,25,89.8,13.2,0.0,7.9,0.0,,70.95
3,送Tom走。,sûng tīom záu 。,132,89.7,13.2,0.0,7.9,0.0,,70.88
4,重要。,zungjîu 。,43,89.8,16.2,0.0,9.7,0.0,,70.07
5,信我啦！,sêon ngǒ lāa ！,46,89.6,17.2,0.0,10.3,0.0,,69.62
6,放低手！,fôngdāi sáu ！,524,89.4,17.8,0.0,10.7,0.0,,69.38
7,算吧啦。,syûn bāa lāa 。,28,89.6,17.2,0.0,10.3,4.0,,68.81
8,做你自己。,zou něi zigéi 。,75,90.0,21.0,0.0,12.6,4.0,,67.88
9,你就好啦。,něi zau hóu lāa 。,351,89.9,21.3,0.0,12.8,4.0,,67.73
10,你想走啦？,něi sóeng záu lāa ？,343,89.8,21.3,0.0,12.8,6.7,,67.17
11,你要信我啊。,něi jîu sêon ngǒ âa 。,648,89.8,25.4,0.0,15.2,6.7,,65.95
12,我好忙。,ngǒ hóu mòng 。,147,81.2,17.2,0.0,10.3,4.0,,64.62
13,我都想知!,ngǒ dōu sóeng zī !,525,83.3,21.3,0.0,12.8,3.3,,64.59
14,你就想呀！,něi zau sóeng āa ！,22,83.5,21.3,0.0,12.8,6.7,,64.02
15,我想喊。,ngǒ sóeng hâam 。,119,80.7,17.2,0.0,10.3,8.0,,63.60
16,阿Tom跑得好快。,âa tīom páau dāk hóu fâai 。,331,84.6,25.4,0.0,15.2,5.7,,63.53
17,我想你坐低。,ngǒ sóeng něi zo dāi 。,885,84.7,25.4,0.0,15.2,6.7,,63.37
18,你做得好好。,něi zoudākhóu hóu 。,451,83.4,23.4,0.0,14.1,6.7,,63.34
19,你明白未呀？,něi mìngbaak mei āa ？,359,83.3,24.7,0.0,14.8,5.7,,63.10
20,入返去。,japfáan hêoi 。,188,76.7,17.8,0.0,10.7,0.0,,63.04
21,食蕉啦你！,sikzīu lāa něi ！,627,80.4,21.0,0.0,12.6,6.7,,62.59
22,我希望做到。,ngǒ hēimong zoudôu 。,367,81.1,24.8,0.0,14.8,2.9,,62.56
23,女人好敏感。,něoijàn hóu mǎngám 。,556,80.6,24.8,0.0,14.8,2.9,,62.32
24,哦，呢度你行得到？,ngò ， nèi dou něi hàng dākdôu ？,836,85.4,32.4,0.0,19.4,4.4,,62.10
25,我有好多朋友。,ngǒ jǎu hóudō pàngjǎu 。,567,83.1,28.0,0.0,16.8,5.7,,61.99
26,我叫做Luis。,ngǒ gîuzou Luis 。,253,76.5,17.8,0.0,10.7,6.7,,61.58
27,Hamisi想要糖。,Hamisi sóengjîu tòng 。,510,75.7,17.8,0.0,10.7,5.0,,61.52
28,蕾拉想走。,lèoi lāai sóeng záu 。,746,77.9,21.3,0.0,12.8,6.7,,61.19
29,咪玩啦。,mǎi wun lāa 。,45,73.7,17.2,0.0,10.3,4.0,,60.89
30,想坐就坐。,sóeng zo zau zo 。,993,77.0,20.1,0.0,12.0,8.0,,60.86
31,我就快走喇。,ngǒ zau fâai záu lāa 。,440,77.9,25.4,0.0,15.2,3.3,,60.68
32,可唔可以教我？,hó m hójǐ gâau ngǒ ？,303,75.7,27.2,0.0,16.3,2.9,,59.08
33,唔怪得啦。,m gwâai dāk lāa 。,879,71.7,21.3,0.0,12.8,3.3,,58.80
34,我口渴到死。,ngǒ háuhôt dôu séi 。,543,74.4,24.7,0.0,14.8,5.0,,58.78
35,我好掛住你。,ngǒ hóu gwâazyu něi 。,640,74.9,24.7,0.0,14.8,6.7,,58.73
36,佢好想成功。,kěoi hóu sóeng sìnggūng 。,633,73.3,24.7,0.0,14.8,2.9,,58.68
37,我想要多少少茶呀。,ngǒ sóengjîu dōsíu síucàa āa 。,824,79.4,33.4,0.0,20.0,5.0,,58.66
38,我得嘅。,ngǒ dāk gê 。,873,70.0,17.2,0.0,10.3,6.7,,58.48
39,唔好跑。慢慢行。,m hóu páau 。 maanmaan hàng 。,922,75.3,27.2,0.0,16.3,5.0,,58.46
40,我計得好快。,ngǒgâi dāk hóu fâai 。,636,74.9,24.7,0.0,14.8,8.6,,58.35
41,我唔知啊。,ngǒ m zī âa 。,98,71.9,21.3,0.0,12.8,6.7,,58.21
42,等我瞌一陣先。,dáng ngǒ hāp jātzan sīn 。,385,74.2,28.0,0.0,16.8,2.9,,58.14
43,Tom 有三隻狗。,tīom jǎu sāamzêk gáu 。,504,69.8,21.3,0.0,12.8,2.2,,58.06
44,唔好喊啦。,m hóu hâam lāa 。,35,71.5,21.3,0.0,12.8,6.7,,58.03
45,去刷牙啦。,hêoi câatngàa lāa 。,269,70.0,21.0,0.0,12.6,3.3,,58.01
46,我想要支結他。,ngǒ sóengjîu zīgît tāa 。,244,74.8,28.0,0.0,16.8,6.0,,57.81
47,大家都喺到笑。,daaigāa dōu hái dôu sîu 。,896,73.4,28.5,0.0,17.1,2.2,,57.72
48,我都好愛你。,ngǒ dōu hóu ôi něi 。,224,74.0,25.4,0.0,15.2,8.6,,57.65
49,信不信由你。,sêonbātsêon jàu něi 。,357,71.7,23.5,0.0,14.1,5.7,,57.63
50,我高過你。,ngǒ gōugwô něi 。,528,70.0,21.0,0.0,12.6,5.7,,57.54
51,好高興見到你。,hóu gōuhîng gîndôu něi 。,308,73.3,28.0,0.0,16.8,5.0,,57.25
52,你可唔可以取消？,něi hó m hójǐ céoisīu ？,176,75.6,30.3,0.0,18.2,7.5,,57.22
53,呢到可唔可以唱歌㗎？,nèi dôu hó m hójǐ côenggō gâa ？,855,77.5,34.1,0.0,20.4,6.7,,57.20
54,有冇人呀？,jǎu mǒu jàn āa ？,199,68.2,21.3,0.0,12.8,2.9,,57.11
55,呢度有啲水。,nèi dou jǎu dī séoi 。,364,70.8,25.4,0.0,15.2,4.0,,56.96
56,我好少食肉。,ngǒ hóu síu sikjuk 。,368,71.4,24.7,0.0,14.8,6.7,,56.96
57,水就係生命。,séoi zau hai sāngming 。,133,69.7,24.7,0.0,14.8,2.9,,56.89
58,到咗未？,dôu zó mei ？,33,65.2,17.2,0.0,10.3,2.9,,56.87
59,搞咩呀你？,gáau mē āa něi ？,630,69.1,21.3,0.0,12.8,6.7,,56.84
60,加油！,gāajàu ！,12,62.9,16.2,0.0,9.7,0.0,,56.61
61,我笑咗。,ngǒ sîu zó 。,14,65.1,17.2,0.0,10.3,4.0,,56.60
62,你忙唔忙啊？,něi mòng m mòng âa ？,103,70.3,24.2,0.0,14.5,6.7,,56.56
63,個男人好老。,gô nàamjàn hóu lǒu 。,162,69.8,24.7,0.0,14.8,5.0,,56.50
64,佢需要你。,kěoi sēoijîu něi 。,129,67.9,21.0,0.0,12.6,5.7,,56.49
65,我失眠。,ngǒ sātmìn 。,874,65.0,17.8,0.0,10.7,4.0,,56.37
66,我唔明。,ngǒ m mìng 。,523,66.1,17.2,0.0,10.3,8.0,,56.26
67,安唔安全㗎？,ōn m ōncyùn gâa ？,64,65.9,19.8,0.0,11.8,4.0,,56.24
68,你做得對。,něi zou dāk dêoi 。,748,70.0,21.3,0.0,12.8,12.0,,56.18
69,我令John好開心。,ngǒling John hóuhōisām 。,419,69.8,24.8,0.0,14.8,6.7,,56.15
70,我咩都做唔到。,ngǒ mē dōu zou m dôu 。,564,72.9,29.5,0.0,17.7,7.5,,56.09
71,等我一陣。,dáng ngǒ jātzan 。,271,70.0,21.0,0.0,12.6,13.3,,56.03
72,打我吖。,dáa ngǒ āa 。,10,63.9,17.2,0.0,10.3,4.0,,55.98
73,我想要醫生。,ngǒ sóengjîu jīsāng 。,226,69.8,24.8,0.0,14.8,7.5,,55.97
74,你唔明。,něi m mìng 。,620,66.1,17.2,0.0,10.3,10.0,,55.85
75,早晨。,zóusàn 。,84,61.3,16.2,0.0,9.7,0.0,,55.82
76,我途中撞到阿Tom。,ngǒ tòuzūng zong dôu âa tīom 。,721,70.4,28.5,0.0,17.1,4.4,,55.76
77,佢好大波。,kěoi hóu daai bō 。,355,66.6,21.3,0.0,12.8,5.7,,55.76
78,唔重要㗎！,m zungjîu gâa ！,430,67.1,17.8,0.0,10.7,13.3,,55.54
79,屌，我地老喇！,díu ， ngǒ dei lǒu lāa ！,238,68.3,25.4,0.0,15.2,5.0,,55.53
80,你一定要救佢。,něi jātding jîu gâu kěoi 。,393,71.5,28.5,0.0,17.1,8.6,,55.47
81,你以為我傻㗎？,něi jǐ wài ngǒ sò gâa ？,678,68.5,25.4,0.0,15.2,5.7,,55.46
82,哦，我而家明喇。,ngò ， ngǒjìgāamìng lāa 。,695,69.8,28.5,0.0,17.1,5.7,,55.19
83,今晚打俾我啦。,gāmmǎan dáa béi ngǒ lāa 。,897,69.6,28.5,0.0,17.1,5.7,,55.13
84,我可唔可以喊呀？,ngǒ hó m hójǐ hâam āa ？,41,73.4,31.2,0.0,18.7,11.4,,55.08
85,聽日問我啦。,tīngjatman ngǒ lāa 。,209,67.6,24.8,0.0,14.8,6.7,,55.05
86,我呢排都幾忙嚇。,ngǒ nèi pàai dōu géimòng hâak 。,802,71.0,31.6,0.0,18.9,5.0,,55.04
87,唔好侮辱我。,m hóu mǒujuk ngǒ 。,214,67.5,24.7,0.0,14.8,6.7,,55.00
88,你maj咩㗎？,něi maj mē gâa ？,388,61.5,13.2,0.0,7.9,10.0,,54.81
89,去馬啦！,hêoi mǎa lāa ！,29,63.2,17.2,0.0,10.3,8.0,,54.80
90,我坐唔定。,ngǒ zo m ding 。,348,65.6,21.3,0.0,12.8,8.0,,54.79
91,佢人工好高。,kěoi jàngūng hóu gōu 。,220,66.6,24.7,0.0,14.8,5.7,,54.74
92,你同我落嚟！,něi tùng ngǒ lok lèi ！,130,67.3,25.4,0.0,15.2,6.7,,54.72
93,你高過我。,něi gōugwô ngǒ 。,749,70.0,21.0,0.0,12.6,20.0,我高過你。,54.68
94,蕾拉好努力咁工作。,lèoi lāai hóu nǒulik gâm gūngzôk 。,958,72.1,35.3,0.0,21.2,4.0,,54.63
95,冇人可以阻止Tom。,mǒu jàn hójǐ zózí tīom 。,614,68.0,28.0,0.0,16.8,5.0,,54.61
96,滑雪好好玩㗎。,waatsyût hóu hóuwáan gâa 。,465,64.6,23.5,0.0,14.1,3.3,,54.60
97,首先，你要有樣。,sáusīn ， něi jîu jǎujoeng 。,808,68.5,28.0,0.0,16.8,6.7,,54.53
98,你去旅行去成點呀？,něi hêoi lěoihàng hêoi sìngdím āa ？,409,71.2,34.1,0.0,20.4,4.4,,54.48
99,我想嘔。,ngǒ sóeng áu 。,985,63.3,17.2,0.0,10.3,10.0,,54.48
100,係人都做到啦。,hai jàn dōu zoudôu lāa 。,453,68.6,28.5,0.0,17.1,6.7,,54.42
101,邊到有得截的？,bīndôu jǎu dāk zit dīk ？,916,67.3,28.5,0.0,17.1,3.6,,54.39
102,你妒忌。,něi dôugei 。,268,61.4,17.8,0.0,10.7,5.0,,54.37
103,你做咩喊呀？,něi zou mē hâam āa ？,450,67.9,25.4,0.0,15.2,10.0,,54.31
104,我新嚟㗎。,ngǒ sān lèi gâa 。,153,61.6,17.2,0.0,10.3,6.7,,54.30
105,你搞唔搞得掂㗎？,něi gáau m gáau dāk dim gâa ？,395,67.8,28.2,0.0,16.9,6.7,,54.09
106,我愛你。,ngǒôiněi 。,51,63.3,17.2,0.0,10.3,12.0,,54.09
107,正仆街！,zîngbukgāai ！,187,62.0,23.3,0.0,14.0,0.0,,54.04
108,我哋想知。,ngǒ dei sóeng zī 。,206,65.6,21.3,0.0,12.8,12.0,,53.99
109,太大喇。,tâaidaai lāa 。,90,60.0,17.8,0.0,10.7,3.3,,53.98
110,“一齊得唔得呀？” “得。”,“ jātcài dāk m dāk āa ？ ” “ dāk 。 ”,982,68.0,29.9,0.0,17.9,5.7,,53.90
111,收聲啊！,sāusēng âa ！,48,59.7,17.8,0.0,10.7,3.3,,53.86
112,Tom未夠大。,tīom meigâu daai 。,781,59.9,17.8,0.0,10.7,4.0,,53.82
113,我叫你點做，你就點做。,ngǒ gîu něidím zou ， něi zaudím zou 。,973,72.8,35.4,0.0,21.3,10.0,,53.77
114,開始啦。,hōicí lāa 。,8,59.7,17.8,0.0,10.7,4.0,,53.75
115,我想留喺到呀。,ngǒ sóeng làu hái dôu āa 。,568,67.6,29.5,0.0,17.7,6.0,,53.74
116,擺明啦。,báaimìng lāa 。,31,59.6,17.8,0.0,10.7,4.0,,53.70
117,你認真㗎？,něi jingzān gâa ？,987,60.0,17.8,0.0,10.7,5.0,,53.66
118,冇可能㗎。,mǒu hónàng gâa 。,277,59.2,17.8,0.0,10.7,3.3,,53.63
119,Bob係我朋友。,bīob hai ngǒ pàngjǎu 。,317,63.3,21.0,0.0,12.6,8.6,,53.61
120,你信唔信佢呀？,něi sêon m sêon kěoi āa ？,305,66.8,28.2,0.0,16.9,6.7,,53.57
121,我喊咗成晚。,ngǒ hâam zó sìngmǎan 。,883,64.5,24.7,0.0,14.8,6.7,,53.51
122,你借書。,něi zêsyū 。,267,59.5,17.8,0.0,10.7,5.0,,53.41
123,有咩幫到你呢？,jǎu mē bōngdôu něi nèi ？,171,66.6,28.5,0.0,17.1,6.7,,53.40
124,我唔妒忌你。,ngǒ m dôugei něi 。,284,64.3,24.7,0.0,14.8,6.7,,53.40
125,你好可靠。,něihóu hókâau 。,207,62.7,22.3,0.0,13.4,6.7,,53.33
126,個個都知啦。,gôgô dōu zī lāa 。,536,63.2,23.4,0.0,14.1,6.7,,53.25
127,包、剪、𢱕。,bāau 、 zín 、 dap 。,761,54.3,13.2,0.0,7.9,0.0,,53.22
128,死開啦！,séihōi lāa ！,17,59.7,17.8,0.0,10.7,6.7,,53.19
129,唔好開始住。,m hóu hōicí zyu 。,215,63.4,24.7,0.0,14.8,5.7,,53.18
130,我自己嚟㗎。,ngǒ zigéi lèi gâa 。,283,61.6,21.0,0.0,12.6,6.7,,53.18
131,我好鍾意我班朋友。,ngǒ hóu zūng jî ngǒ bāan pàngjǎu 。,410,71.0,35.1,0.0,21.1,8.9,,53.16
132,條街好暗。,tìugāai hóu âm 。,531,60.2,21.0,0.0,12.6,3.3,,53.15
133,有咩唔同呀？,jǎu mē m tùng āa ？,765,64.2,25.4,0.0,15.2,6.7,,53.15
134,望住我對眼。,mongzyu ngǒ dêoi ngǎan 。,372,62.9,24.7,0.0,14.8,5.0,,53.05
135,如果我早啲知道就好喇。,jyùgwó ngǒ zóu dī zīdou zau hóu lāa 。,863,73.7,43.1,0.0,25.8,5.0,,52.93
136,搞咩呀？,gáau mē āa ？,195,62.2,17.2,0.0,10.3,15.0,搞咩呀你？,52.93
137,我乜都冇做。,ngǒ māt dōu mǒu zou 。,540,64.1,25.4,0.0,15.2,7.5,,52.91
138,我主修生物。,ngǒ zyúsāu sāngmat 。,542,62.6,24.8,0.0,14.8,5.0,,52.90
139,食藥啦。,sikjoek lāa 。,122,59.5,17.8,0.0,10.7,8.0,,52.82
140,我喉嚨痛。,ngǒ hàulùngtûng 。,624,59.5,21.0,0.0,12.6,3.3,,52.81
141,講慢少少。,góngmaan síusíu 。,79,59.3,21.1,0.0,12.7,2.9,,52.77
142,我哋有一位教宗。,ngǒ dei jǎu jātwái gâauzūng 。,181,66.1,31.6,0.0,18.9,4.4,,52.66
143,如果你喺到就好喇。,jyùgwó něi hái dôu zau hóu lāa 。,710,69.7,36.4,0.0,21.8,6.7,,52.60
144,我決定唔去。,ngǒ kyûtding m hêoi 。,539,63.5,24.7,0.0,14.8,10.0,,52.37
145,佢哋跑得好快。,kěoi dei páau dāk hóu fâai 。,669,67.0,29.5,0.0,17.7,11.4,,52.35
146,你需要辭職。,něi sēoijîu cìzīk 。,452,63.3,24.8,0.0,14.8,10.0,,52.22
147,我陪你出去吖。,ngǒ pùi něi cēothêoi āa 。,383,63.8,28.5,0.0,17.1,5.7,,52.19
148,我覺得好大壓力。,ngǒ gôkdāk hóudaai âatlik 。,691,65.9,31.6,0.0,18.9,6.7,,52.16
149,有冇搞錯啊。,jǎu mǒu gáaucô âa 。,365,61.6,25.4,0.0,15.2,5.7,,52.02
150,你估嚇我有幾高？,něi gúhǎa ngǒ jǎu géigōu ？,581,65.9,31.6,0.0,18.9,7.5,,51.96
151,收唔收卡㗎？,sāu m sāukāa gâa ？,994,57.3,19.8,0.0,11.8,4.0,,51.93
152,我想飲水呀。,ngǒ sóeng jámséoi āa 。,369,61.3,24.8,0.0,14.8,6.7,,51.88
153,睇你㗎咋。,tái něi gâa zâa 。,353,55.8,17.2,0.0,10.3,5.0,,51.75
154,我俾你決定啦。,ngǒ béi něi kyûtding lāa 。,569,63.0,28.5,0.0,17.1,6.7,,51.63
155,你好似好忙咁。,něi hóucǐ hóu mòng gâm 。,141,62.3,27.2,0.0,16.3,6.7,,51.63
156,蕾拉又肥又樣衰。,lèoi lāai jau fèi jau joengsēoi 。,806,63.9,31.2,0.0,18.7,5.0,,51.61
157,我而家好唔得閒。,ngǒjìgāa hóu m dākhàan 。,114,64.8,31.6,0.0,18.9,6.7,,51.61
158,到你開波喇。,dôu něi hōibō lāa 。,548,59.7,24.7,0.0,14.8,4.4,,51.57
159,你嬲我呀？,něi nāu ngǒ āa ？,341,59.1,21.3,0.0,12.8,8.0,,51.56
160,你可唔可以帶我去呀？,něi hó m hójǐ dâaingǒhêoi āa ？,972,71.0,39.1,0.0,23.5,11.1,,51.55
161,我好嬲。,ngǒ hóu nāu 。,30,57.4,17.2,0.0,10.3,10.0,,51.55
162,你係我唯一嘅希望。,něi hai ngǒ wàijāt gê hēimong 。,610,66.5,35.3,0.0,21.2,6.0,,51.47
163,你想唔想食嘢呀？,něi sóeng m sóeng sik jě āa ？,475,65.7,32.3,0.0,19.4,8.6,,51.43
164,你要搵人幫手。,něi jîu wán jàn bōngsáu 。,790,62.0,28.5,0.0,17.1,5.0,,51.43
165,我完全睇唔明。,ngǒ jyùncyùn tái m mìng 。,573,63.9,28.5,0.0,17.1,10.0,,51.41
166,我會生存落去。,ngǒwúi sāngcyùn lok hêoi 。,83,61.4,28.0,0.0,16.8,4.4,,51.41
167,我食芝士。,ngǒsik zīsi 。,99,58.5,22.3,0.0,13.4,5.7,,51.40
168,你做乜喵喵叫?,něi zou māt míu míu gîu ?,577,62.7,28.2,0.0,16.9,7.5,,51.38
169,你做咩一個人呀？,něi zou mē jātgô jàn āa ？,404,66.2,32.4,0.0,19.4,10.0,,51.36
170,我心情好靚。,ngǒ sāmcìng hóulêng 。,441,61.0,24.8,0.0,14.8,8.6,,51.36
171,估下今日我撞到邊個！,gúhaa gāmjat ngǒ zong dôu bīngô ！,850,67.6,38.2,0.0,22.9,5.0,,51.35
172,我而家點做好呢？,ngǒjìgāadím zouhóu nèi ？,699,64.3,32.2,0.0,19.3,6.0,,51.27
173,我唔會令你失望。,ngǒ m wúiling něi sātmong 。,929,63.4,31.6,0.0,18.9,5.0,,51.22
174,我唔可以放棄㗎。,ngǒ m hójǐ fônghêi gâa 。,250,63.5,28.0,0.0,16.8,11.4,,51.06
175,講就容易，做就難。,góngzau jùngji ， zou zau nàan 。,823,61.9,30.3,0.0,18.2,4.0,,51.03
176,我喺度。,ngǒ hái dou 。,19,54.0,17.2,0.0,10.3,4.0,,51.03
177,越重越好。,jyutcǔng jyut hóu 。,991,55.9,19.8,0.0,11.8,5.0,,51.01
178,好心你FF少陣啦。,hóusām něi FF síuzan lāa 。,329,62.1,28.0,0.0,16.8,8.6,,50.92
179,我可唔可以抖陣呀？,ngǒ hó m hójǐ dáuzan āa ？,414,67.3,34.1,0.0,20.4,12.5,,50.91
180,就快三點喇。,zau fâai sāamdím lāa 。,443,60.0,24.7,0.0,14.8,8.6,,50.87
181,我阿哥好有錢。,ngǒ âagō hóu jǎucín 。,462,61.5,28.5,0.0,17.1,6.7,,50.86
182,瞌一陣啦。,hāp jātzan lāa 。,59,58.4,22.3,0.0,13.4,8.6,,50.81
183,我唯有係等。,ngǒ wàijǎu hai dáng 。,222,58.6,24.7,0.0,14.8,5.7,,50.76
184,阿Tom都幾重嚇。,âa tīom dōu géicǔng hâak 。,605,59.0,24.8,0.0,14.8,6.7,,50.75
185,你今晚得唔得閒呀？,něi gāmmǎan dāk m dākhàan āa ？,705,64.5,35.1,0.0,21.1,5.0,,50.70
186,我鍾意呢首歌。,ngǒ zūng jî nèi sáugō 。,310,59.8,28.5,0.0,17.1,3.6,,50.61
187,呢把遮係咪你㗎？,nèi báa zē hai mǎi něi gâa ？,804,60.3,29.5,0.0,17.7,3.6,,50.56
188,你鍾意就好喇。,něi zūng jî zau hóu lāa 。,307,62.2,29.5,0.0,17.7,8.6,,50.55
189,呢粒蘋果好酸。,nèi lāp pìnggwó hóusyūn 。,913,59.1,28.5,0.0,17.1,2.5,,50.51
190,「邊個呀？」「我呀。」,「 bīngô āa ？ 」 「 ngǒ āa 。 」,732,57.1,23.4,0.0,14.1,5.0,,50.50
191,隻材料好唔好？,zêk còilíu hóu m hóu ？,776,59.6,27.2,0.0,16.3,5.7,,50.49
192,唔好喊啦。我愛你呀。,m hóu hâam lāa 。 ngǒôiněi āa 。,848,67.5,37.7,0.0,22.6,10.0,,50.46
193,隻馬跑得好快。,zêk mǎa páau dāk hóu fâai 。,469,63.2,29.5,0.0,17.7,11.4,,50.46
194,入嚟啦！,jap lèi lāa ！,47,52.9,17.2,0.0,10.3,4.0,,50.46
195,唔好讀U啦。,m hóu duk U lāa 。,535,58.4,21.3,0.0,12.8,12.0,,50.42
196,我好鐘意音樂。,ngǒ hóu zūngjî jāmngok 。,904,59.9,28.0,0.0,16.8,5.7,,50.39
197,嗰份工人工好高。,gó fan gūngjàn gūnghóu gōu 。,487,63.5,30.3,0.0,18.2,11.4,,50.38
198,唔使擔心。,m sí dāamsām 。,76,54.7,21.0,0.0,12.6,3.3,,50.37
199,你有冇筆呀？,něi jǎu mǒu bātāa ？,358,59.5,24.7,0.0,14.8,10.0,,50.36
200,真係可惜！,zān hai hósīk ！,102,54.3,21.0,0.0,12.6,2.5,,50.33
201,我打乞嗤打到停唔到。,ngǒ dáa hāt cī dáa dôu tìng m dôu 。,853,66.5,39.2,0.0,23.5,6.0,,50.27
202,點解你中意我㗎？,dímgáai něi zūngjî ngǒ gâa ？,493,60.0,28.0,0.0,16.8,6.7,,50.25
203,我係一隻狗。,ngǒ hai jātzêk gáu 。,38,57.8,25.4,0.0,15.2,5.7,,50.16
204,邊個做架？,bīngô zougáa ？,60,54.2,21.0,0.0,12.6,3.3,,50.15
205,我好黑仔。,ngǒ hóu hākzái 。,125,56.1,21.0,0.0,12.6,8.0,,50.13
206,我可唔可以講兩句呀？,ngǒ hó m hójǐ góng lǒenggêoi āa ？,613,66.9,37.0,0.0,22.2,11.1,,50.11
207,舉個例啦。,géoi gôlai lāa 。,346,54.1,21.0,0.0,12.6,3.3,,50.09
208,我係旅客。,ngǒ hai lěoihâak 。,152,54.1,21.0,0.0,12.6,3.3,,50.07
209,阿Tom份人好樂觀。,âa tīom fan jàn hóu lokgūn 。,421,58.9,28.5,0.0,17.1,4.4,,50.00
210,我哋未食飯。,ngǒ dei mei sikfaan 。,647,57.0,24.7,0.0,14.8,5.7,,49.97
211,唔好怪佢。,m hóu gwâai kěoi 。,740,55.3,21.3,0.0,12.8,6.7,,49.91
212,過馬路啦。,gwô mǎalou lāa 。,151,56.4,22.3,0.0,13.4,8.0,,49.88
213,我可唔可以借呢張CD呀？,ngǒ hó m hójǐ zê nèi zōeng Cdī āa ？,734,67.6,39.1,0.0,23.5,11.1,,49.85
214,屌你老母！,díu něi lǒumóu ！,21,54.5,21.0,0.0,12.6,5.7,,49.82
215,屌你老母。,díu něi lǒumóu 。,124,54.5,21.0,0.0,12.6,5.7,,49.82
216,唔好上當。,m hóu sǒengdông 。,196,54.7,21.0,0.0,12.6,6.7,,49.74
217,唔好飲醉呀。,m hóu jámzêoi āa 。,213,56.5,24.7,0.0,14.8,5.7,,49.72
218,有幾難呀？,jǎu géinàan āa ？,744,54.7,21.0,0.0,12.6,6.7,,49.72
219,跟住我嚟吖。,gān zyu ngǒ lèi āa 。,534,57.3,25.4,0.0,15.2,6.7,,49.68
220,望咩呀望？,mong mē āa mong ？,992,55.3,20.1,0.0,12.0,10.0,,49.64
221,可唔可以幫嚇我呀?,hó m hójǐ bōnghâak ngǒ āa ?,257,64.7,34.1,0.0,20.4,12.5,,49.63
222,我鐘意蛋糕。,ngǒ zūngjî daangōu 。,81,55.2,24.8,0.0,14.8,2.9,,49.63
223,唔好唔開心啦。,m hóu m hōisām lāa 。,110,59.6,27.2,0.0,16.3,10.0,,49.62
224,早餐準備好未呀？,zóucāan zéonbei hóu mei āa ？,482,59.8,31.6,0.0,18.9,4.0,,49.61
225,可唔可以借俾我呀？,hó m hójǐ zê béi ngǒ āa ？,256,65.3,35.1,0.0,21.1,12.5,,49.60
226,冇人幫我。,mǒu jàn bōng ngǒ 。,625,54.6,21.3,0.0,12.8,6.7,,49.59
227,你有冇養寵物㗎？,něi jǎu mǒu jǒeng cúngmat gâa ？,680,57.9,28.0,0.0,16.8,5.0,,49.56
228,我好肚餓。,ngǒ hóu tǒu ngo 。,56,55.1,21.3,0.0,12.8,8.0,,49.56
229,蕾拉好唔開心。,lèoi lāai hóu m hōisām 。,663,59.2,28.5,0.0,17.1,7.5,,49.53
230,我鍾意呢隻狗。,ngǒ zūng jî nèi zêk gáu 。,241,58.8,29.5,0.0,17.7,5.0,,49.53
231,我同佢握咗手。,ngǒ tùng kěoi āak zó sáu 。,906,58.8,29.5,0.0,17.7,5.7,,49.41
232,唔好開窗。,m hóu hōicōeng 。,741,54.1,21.0,0.0,12.6,6.7,,49.41
233,你可以點樣幫到我？,něi hójǐ dímjóeng bōngdôu ngǒ ？,826,62.0,34.7,0.0,20.8,6.0,,49.39
234,佢同我一樣咁高。,kěoi tùng ngǒ jātjoeng gâm gōu 。,477,60.6,33.6,0.0,20.1,4.4,,49.35
235,你可唔可以講多次呀？,něi hó m hójǐ góng dōcî āa ？,846,64.5,37.9,0.0,22.8,8.0,,49.29
236,你本書喺呢度。,něi búnsyū hái nèi dou 。,394,58.6,29.5,0.0,17.7,6.0,,49.25
237,你同我講緊嘢呀？,něi tùng ngǒ gónggán jě āa ？,792,60.6,32.4,0.0,19.4,6.7,,49.23
238,唔好咁仆街啦。,m hóu gâm buk gāai lāa 。,768,59.5,29.5,0.0,17.7,8.6,,49.21
239,呢支筆係我㗎。,nèi zībāt hai ngǒ gâa 。,914,54.9,24.7,0.0,14.8,4.4,,49.18
240,我飲緊咖啡。,ngǒ jámgán gâafē 。,635,54.3,24.8,0.0,14.8,2.9,,49.15
241,佢一定要去嗰度。,kěoi jātding jîu hêoi gó dou 。,401,61.2,32.4,0.0,19.4,8.9,,49.11
242,我冇投票俾你。,ngǒ mǒu tàupîu béi něi 。,772,57.6,28.5,0.0,17.1,5.7,,49.10
243,你正仆街嚟。,něi zîngbuk gāai lèi 。,136,55.0,24.7,0.0,14.8,5.0,,49.08
244,邊度痛呀？,bīndou tûng āa ？,356,52.0,21.0,0.0,12.6,3.3,,49.04
245,佢成日都咁忙嘅。,kěoi sìngjat dōu gâm mòng gê 。,318,59.8,33.6,0.0,20.1,4.0,,49.00
246,你有冇安全套呀？,něi jǎu mǒu ōncyùntôu āa ？,679,59.9,31.6,0.0,18.9,7.5,,48.99
247,Tom會死。,tīom wúi séi 。,552,49.9,13.2,0.0,7.9,10.0,,48.99
248,我等緊佢。,ngǒ dáng gán kěoi 。,529,53.4,21.3,0.0,12.8,6.7,,48.97
249,佢好上鏡。,kěoi hóu soeng gêng 。,876,53.4,21.3,0.0,12.8,6.7,,48.97
250,佢好靚啊！,kěoi hóu lêng âa ！,623,53.4,21.3,0.0,12.8,6.7,,48.96
251,我送你返屋企啦。,ngǒ sûng něi fáan ūkkéi lāa 。,693,59.2,32.4,0.0,19.4,5.0,,48.85
252,佢拯救咗件事。,kěoi cínggâu zó gín si 。,900,56.3,28.5,0.0,17.1,4.0,,48.82
253,我唔怕死。,ngǒ m pâaséi 。,988,53.4,21.0,0.0,12.6,8.0,,48.82
254,你做咩唔同我講呀？,něi zou mē m tùng ngǒgóng āa ？,966,63.0,36.4,0.0,21.8,8.9,,48.81
255,冇用嘅。,mǒu jung gê 。,193,49.5,17.2,0.0,10.3,4.0,,48.78
256,我準備好喇。,ngǒ zéonbei hóu lāa 。,39,55.0,24.7,0.0,14.8,6.7,,48.76
257,試嚇啦。,sîhǎa lāa 。,146,49.8,17.8,0.0,10.7,4.0,,48.76
258,加一倍藥量。,gāa jātpǔi joekloeng 。,216,53.7,24.8,0.0,14.8,3.3,,48.74
259,套戲好唔好睇呀？,tôuhêi hóu m hóu tái āa ？,491,58.2,31.2,0.0,18.7,5.0,,48.73
260,佢差唔多走喇。,kěoi cāa m dō záu lāa 。,777,56.9,29.5,0.0,17.7,4.4,,48.72
261,嗰D唔系我既鞋。,gó dī m hai ngǒ gêi hàai 。,813,57.3,29.5,0.0,17.7,5.7,,48.65
262,我係你條仔。,ngǒ hai něi tìuzái 。,442,54.7,24.7,0.0,14.8,6.7,,48.61
263,我鍾意打網球。,ngǒ zūng jî dáamǒngkàu 。,774,56.6,28.5,0.0,17.1,5.7,,48.60
264,我依舊鍾意你。,ngǒ jīgau zūng jî něi 。,312,56.6,28.5,0.0,17.1,5.7,,48.60
265,我哋搭的士去啦，好冇？,ngǒ dei dâap dīksí hêoi lāa ， hóu mǒu ？,731,63.0,40.4,0.0,24.2,4.0,,48.58
266,等我諗嚇先。,dáng ngǒ nám hâak sīn 。,291,54.9,24.7,0.0,14.8,7.5,,48.57
267,我去過京都。,ngǒ hêoigwô gīngdōu 。,638,54.3,24.8,0.0,14.8,5.7,,48.56
268,我冇胃口。,ngǒ mǒu waiháu 。,428,51.7,21.0,0.0,12.6,5.7,,48.40
269,佢好有影響力。,kěoi hóu jǎu jínghóenglik 。,377,56.5,29.5,0.0,17.7,5.0,,48.39
270,今日好熱呀。,gāmjat hóujit āa 。,759,52.8,24.8,0.0,14.8,2.9,,48.38
271,你玩得開唔開心呀？,něi wun dāk hōi m hōisām āa ？,943,59.7,35.1,0.0,21.1,5.0,,48.31
272,唔好喺呢度跑嚟跑去。,m hóu hái nèi dou páau lèi páau hêoi 。,184,63.3,40.5,0.0,24.3,6.0,,48.30
273,我今日好高興認識你。,ngǒ gāmjat hóu gōuhîng jingsīk něi 。,969,62.3,38.2,0.0,22.9,7.3,,48.24
274,唔好咁貪心啦。,m hóu gâm tāamsām lāa 。,234,57.0,28.5,0.0,17.1,8.6,,48.23
275,唔好嬲啦！,m hóu nāu lāa ！,94,54.0,21.3,0.0,12.8,12.0,,48.22
276,我唔可以冇咗你。,ngǒ m hójǐ mǒu zó něi 。,925,59.8,32.4,0.0,19.4,10.0,,48.18
277,佢成日都咁講。,kěoi sìngjat dōu gâm góng 。,558,55.8,29.5,0.0,17.7,4.4,,48.15
278,同我哋一齊食晏啦。,tùng ngǒ dei jātcài sikâan lāa 。,821,59.2,35.3,0.0,21.2,4.4,,48.12
279,想創你個心呀！,sóengcông něi gô sām āa ！,169,56.7,28.5,0.0,17.1,8.6,,48.10
280,揀我哋啦！,gáan ngǒ dei lāa ！,34,52.1,21.3,0.0,12.8,8.0,,48.07
281,我見過你女朋友。,ngǒgîngwô něi něoipàngjǎu 。,800,58.5,32.2,0.0,19.3,7.5,,48.06
282,呢本係書。,nèi bún hai syū 。,158,49.9,21.3,0.0,12.8,2.5,,48.04
283,用嚇你個腦啦！,jung hâak něi gônǒu lāa ！,140,54.9,28.0,0.0,16.8,5.0,,48.04
284,邊度有得買磚呀？,bīndou jǎu dāk mǎaizyūn āa ？,941,56.8,31.6,0.0,18.9,4.4,,48.02
285,你有冇鉛筆呀？,něi jǎu mǒu jyùnbāt āa ？,770,56.5,28.5,0.0,17.1,8.6,,48.00
286,佢講得出就做得到。,kěoi góng dākcēot zau zou dākdôu 。,407,58.1,34.1,0.0,20.4,4.4,,47.92
287,你食唔食肉㗎？,něi sik m sikjuk gâa ？,233,53.1,23.4,0.0,14.1,8.0,,47.91
288,Tom真係好勁。,tīom zān hai hóu ging 。,490,49.9,21.3,0.0,12.8,3.3,,47.89
289,我唔飲茶。,ngǒ m jámcàa 。,350,51.7,21.3,0.0,12.8,8.0,,47.87
290,食條香蕉啦！,siktìu hōengzīu lāa ！,104,54.6,24.8,0.0,14.8,10.0,,47.86
291,狗糧好貴。,gáu lòeng hóu gwâi 。,739,49.8,21.3,0.0,12.8,3.3,,47.84
292,我都有咁嘅感覺。,ngǒ dōu jǎu gâm gê gámgôk 。,251,57.8,33.6,0.0,20.1,5.0,,47.82
293,唔好再俾人呃喇。,m hóu zôi béi jàn āk lāa 。,793,57.6,33.6,0.0,20.1,4.4,,47.82
294,我唔鍾意呢首歌。,ngǒ m zūng jî nèi sáugō 。,926,57.2,32.4,0.0,19.4,5.5,,47.78
295,鬼唔知咩。,gwái m zī mē 。,157,51.0,21.3,0.0,12.8,6.7,,47.77
296,我哋新嚟㗎。,ngǒ dei sān lèi gâa 。,232,51.0,21.3,0.0,12.8,6.7,,47.75
297,不作評論。,bāt zôk pìngleon 。,57,50.0,22.3,0.0,13.4,2.9,,47.72
298,呢件事搞到佢冇咗份工。,nèi gín si gáau dôu kěoi mǒu zó fan gūng 。,864,64.3,45.8,0.0,27.5,3.6,,47.66
299,你冇出現。,něi mǒu cēotjin 。,433,49.5,21.0,0.0,12.6,4.0,,47.65
300,個批好好食。,gôpāi hóuhóu sik 。,763,51.7,23.5,0.0,14.1,5.7,,47.65
301,我哋係男人。,ngǒ dei hai nàamjàn 。,66,52.1,24.7,0.0,14.8,5.7,,47.53
302,其實有冇呢個字㗎？,kèisat jǎu mǒu nèi gô zi gâa ？,602,56.3,32.4,0.0,19.4,4.4,,47.52
303,車站就喺呢度附近。,cēzaam zau hái nèi dou fugan 。,839,57.7,35.3,0.0,21.2,3.6,,47.50
304,邊度有得買咖啡呀？,bīndou jǎu dāk mǎai gâafē āa ？,963,57.8,35.3,0.0,21.2,4.0,,47.49
305,我哋做運動。,ngǒ dei zou wandung 。,82,52.2,24.7,0.0,14.8,6.7,,47.38
306,我仲未準備好。,ngǒzungmei zéonbei hóu 。,384,54.1,28.5,0.0,17.1,5.7,,47.34
307,我真係好想去巴黎睇嚇。,ngǒ zān hai hóu sóeng hêoi bāalài tái hâak 。,974,62.8,44.4,0.0,26.6,3.6,,47.33
308,好夜喇。,hóuje lāa 。,191,46.9,17.8,0.0,10.7,4.0,,47.30
309,唔好驚！,m hóu gīng ！,186,48.1,17.2,0.0,10.3,8.0,,47.26
310,我唔鍾意跳舞。,ngǒ m zūng jî tîumǒu 。,656,53.8,28.5,0.0,17.1,5.7,,47.20
311,棄船呀！,hêisyùn āa ！,86,46.6,17.8,0.0,10.7,4.0,,47.19
312,我又飲多咗喇。,ngǒ jau jám dō zó lāa 。,902,54.3,29.5,0.0,17.7,5.7,,47.18
313,我上錯咗巴士。,ngǒ soeng cô zó bāasí 。,903,53.6,28.5,0.0,17.1,5.7,,47.11
314,冇人受傷。,mǒu jàn sausōeng 。,203,49.5,21.0,0.0,12.6,6.7,,47.10
315,考試加油呀！,háausî gāajàu āa ！,753,52.2,24.8,0.0,14.8,8.0,,47.10
316,我個肚好痛。,ngǒgô tǒuhóu tûng 。,637,51.7,24.8,0.0,14.8,6.7,,47.09
317,我好驚擳。,ngǒ hóu gīng 擳 。,100,50.0,21.3,0.0,12.8,8.0,,46.99
318,佢手車好屎。,kěoi sáu cē hóu sí 。,634,51.5,25.4,0.0,15.2,5.7,,46.97
319,我聽到爆炸聲。,ngǒ tēngdôu bâauzâasīng 。,459,52.7,28.5,0.0,17.1,4.4,,46.91
320,佢喊咗成晚。,kěoi hâam zó sìng mǎan 。,891,51.0,25.4,0.0,15.2,5.0,,46.88
321,你幾時得閒呀？,něi géisì dākhàan āa ？,389,52.8,28.5,0.0,17.1,5.0,,46.85
322,梗係啦。,gáng hai lāa 。,150,45.6,17.2,0.0,10.3,4.0,,46.84
323,阿Tom好勁。,âa tīom hóuging 。,315,46.9,17.8,0.0,10.7,6.7,,46.79
324,唔痛喇。,m tûng lāa 。,339,45.5,17.2,0.0,10.3,4.0,,46.77
325,呢道門點鎖都鎖唔到。,nèi dou mùndím sódōusó m dôu 。,726,57.9,37.0,0.0,22.2,5.5,,46.74
326,呢個世界有冇外星人㗎？,nèi gô sâigâai jǎu mǒu ngoisīngjàn gâa ？,264,58.8,38.2,0.0,22.9,6.0,,46.73
327,落緊雪。,lokgán syût 。,89,45.2,17.8,0.0,10.7,2.9,,46.70
328,我真係好肚餓。,ngǒ zān hai hóu tǒu ngo 。,653,53.4,29.5,0.0,17.7,5.7,,46.69
329,我哋今晚出街吖？,ngǒ dei gāmmǎan cēotgāai āa ？,694,54.7,31.6,0.0,18.9,6.0,,46.68
330,佢打咗我兩下。,kěoi dáa zó ngǒ lǒenghǎa 。,239,53.2,29.5,0.0,17.7,5.7,,46.63
331,你點呀？,něidím āa ？,72,47.1,17.8,0.0,10.7,8.0,,46.60
332,我英文唔係好好。,ngǒ jīngmàn m hai hóuhóu 。,933,54.4,30.3,0.0,18.2,7.5,,46.59
333,嘩，雪呀！,wāa ， syût āa ！,20,45.1,17.2,0.0,10.3,4.0,,46.58
334,唔好企咁埋。,m hóu kěi gâm màai 。,751,50.7,25.4,0.0,15.2,5.7,,46.57
335,如果我識飛就好喇！,jyùgwó ngǒsīk fēi zau hóu lāa ！,601,56.6,35.3,0.0,21.2,6.0,,46.52
336,佢而家遊緊水。,kěoi jì gāa jàu gán séoi 。,381,52.2,29.5,0.0,17.7,4.0,,46.43
337,我哋可以即刻喐手。,ngǒ dei hójǐ zīkhāk jūk sáu 。,962,56.4,35.3,0.0,21.2,6.0,,46.40
338,我餐餐都出街食。,ngǒ cāancāan dōu cēot gāaisik 。,319,52.9,30.3,0.0,18.2,5.0,,46.36
339,再差嘅我都見過。,zôi cāa gê ngǒ dōu gîn gwô 。,252,54.8,33.6,0.0,20.1,5.0,,46.33
340,咁大隻狗嘅！,gâm daaizêk gáu gê ！,164,50.1,25.4,0.0,15.2,5.7,,46.28
341,嗰啲材料好唔好？,gó dī còilíu hóu m hóu ？,803,53.1,31.2,0.0,18.7,5.0,,46.21
342,唔係我哋做㗎。,m hai ngǒ dei zou gâa 。,908,50.6,25.4,0.0,15.2,7.5,,46.20
343,今日好凍。,gāmjat hóudûng 。,201,47.1,22.3,0.0,13.4,3.3,,46.17
344,我好鍾意你個口音。,ngǒ hóu zūng jî něi gô háujām 。,499,56.5,36.4,0.0,21.8,6.0,,46.15
345,我咩都聽到曬。,ngǒ mē dōu tēngdôu sâai 。,458,53.8,29.5,0.0,17.7,10.0,,46.07
346,佢身體好弱。,kěoi sāntái hóujoek 。,755,49.6,25.4,0.0,15.2,5.7,,46.05
347,盲喇。,màanglāa 。,522,43.1,16.2,0.0,9.7,3.3,,46.03
348,係食物呀！,hai sikmat āa ！,5,46.0,21.0,0.0,12.6,3.3,,46.01
349,生日快樂，Muriel!,sāangjatfâailok ， Muriel !,977,46.4,22.3,0.0,13.4,2.5,,46.00
350,夏天過成點呀？,haatīn gwôsìngdím āa ？,563,50.1,28.5,0.0,17.1,2.5,,45.98
351,今日幾暖。,gāmjat géinyǔn 。,202,46.3,22.3,0.0,13.4,2.5,,45.97
352,你哋而家喺邊？,něi dei jì gāa hái bīn ？,915,51.1,29.5,0.0,17.7,4.0,,45.92
353,唔該你唔好煩我。,m gōi něi m hóufàan ngǒ 。,935,54.1,32.3,0.0,19.4,7.5,,45.84
354,你鍾唔鍾意我㗎？,něi zūng m zūng jî ngǒ gâa ？,178,51.3,28.2,0.0,16.9,6.7,,45.83
355,冇可能係真嘅。,mǒu hónàng hai zān gê 。,466,49.6,28.5,0.0,17.1,2.5,,45.77
356,佢哋叫佢做Jane。,kěoi dei gîu kěoi zou Jane 。,615,49.2,24.2,0.0,14.5,8.0,,45.76
357,呢度係839號房。,nèi dou hai 839 houfòng 。,330,48.3,24.7,0.0,14.8,5.0,,45.73
358,多謝曬你呀。,dōze sâai něi āa 。,107,48.5,24.7,0.0,14.8,5.7,,45.72
359,唔好笑佢啦。,m hóusîu kěoi lāa 。,434,50.2,24.7,0.0,14.8,10.0,,45.69
360,我好鍾意同你講嘢。,ngǒ hóu zūng jîtùng něigóng jě 。,831,54.9,35.3,0.0,21.2,6.0,,45.65
361,阿Tom好靚仔。,âa tīom hóu lêngzái 。,698,46.0,21.0,0.0,12.6,5.7,,45.57
362,佢仲記得你。,kěoi zung gêidāk něi 。,880,48.7,25.4,0.0,15.2,5.7,,45.57
363,喂，起身喇。,wâi ， héisān lāa 。,211,44.7,21.0,0.0,12.6,2.5,,45.56
364,放咗佢！,fông zó kěoi ！,74,43.0,17.2,0.0,10.3,4.0,,45.55
365,我好似發燒呀。,ngǒ hóucǐ fâatsīu āa 。,905,50.2,28.0,0.0,16.8,5.7,,45.54
366,佢係我最好嘅朋友。,kěoi hai ngǒ zêoihóu gê pàngjǎu 。,708,55.5,35.3,0.0,21.2,8.0,,45.53
367,我搵唔到阿Tim喎。,ngǒ wán m dôu âa tīim wô 。,336,51.3,29.5,0.0,17.7,6.7,,45.49
368,我冇飛。,ngǒ mǒu fēi 。,737,42.9,17.2,0.0,10.3,4.0,,45.45
369,我好驚貓頭鷹。,ngǒ hóu gīng māautàujīng 。,460,50.0,28.0,0.0,16.8,5.7,,45.45
370,呢個袋邊個架？,nèi gô dói bīngô gáa ？,392,47.8,26.8,0.0,16.1,2.2,,45.43
371,邊度有得買零食呀？,bīndou jǎu dāk mǎai lìngsik āa ？,964,53.6,35.3,0.0,21.2,4.0,,45.41
372,唔好唔記得我哋呀！,m hóu m gêidāk ngǒ dei āa ！,822,54.5,35.1,0.0,21.1,6.7,,45.38
373,Tom尖叫。,tīom zīmgîu 。,108,42.4,16.2,0.0,9.7,5.0,,45.33
374,我哋真係好掛住阿Tom。,ngǒ dei zān hai hóu gwâazyu âa tīom 。,521,56.0,36.4,0.0,21.8,8.9,,45.33
375,呢本書係我嘅。,nèi búnsyū hai ngǒ gê 。,387,50.0,28.5,0.0,17.1,5.7,,45.29
376,埋嚟我到吖。,màai lèi ngǒ dôu āa 。,212,48.5,25.4,0.0,15.2,6.7,,45.28
377,我一路期待緊㗎喇！,ngǒ jātlou kèidoi gán gâa lāa ！,500,51.3,31.6,0.0,18.9,4.4,,45.28
378,你好靚呀。,něihóu lêng āa 。,743,45.7,21.0,0.0,12.6,6.7,,45.22
379,食咗飯未呀？,sik zó faan mei āa ？,436,48.3,25.4,0.0,15.2,6.7,,45.21
380,你介唔介意我開電視呀？,něigâai m gâaijî ngǒhōi dinsi āa ？,729,56.4,39.9,0.0,23.9,5.0,,45.20
381,我飽喇。,ngǒ báau lāa 。,190,43.3,17.2,0.0,10.3,6.7,,45.16
382,阿Tom，你喺邊度呀？,âa tīom ， něi hái bīndou āa ？,518,50.0,29.5,0.0,17.7,5.0,,45.14
383,唔好返嚟。,m hóu fáan lèi 。,197,45.6,21.3,0.0,12.8,6.7,,45.07
384,你係咪新嚟㗎？,něi hai mǎi sān lèi gâa ？,301,47.4,25.4,0.0,15.2,5.0,,45.06
385,佢哋俾我走。,kěoi dei béi ngǒ záu 。,163,47.6,25.4,0.0,15.2,5.7,,45.05
386,你哋食唔食煙㗎？,něi dei sik m sikjīn gâa ？,177,48.9,27.2,0.0,16.3,6.7,,44.94
387,你係一個好有耐性嘅人。,něi hai jātgô hóu jǎu noisîng gê jàn 。,733,57.5,43.1,0.0,25.8,5.0,,44.82
388,不如坐低吖。,bātjyù zǒdāi āa 。,767,46.4,24.8,0.0,14.8,5.0,,44.79
389,我唔肚餓呀。,ngǒ m tǒu ngo āa 。,444,47.8,25.4,0.0,15.2,7.5,,44.77
390,邊度有得買地圖呀？,bīndou jǎu dāk mǎai deitòu āa ？,843,52.3,35.3,0.0,21.2,4.0,,44.75
391,我仲未知。,ngǒzung meizī 。,273,45.5,22.3,0.0,13.4,6.7,,44.73
392,佢唔食生魚。,kěoi m sik sāng jyù 。,997,45.8,25.4,0.0,15.2,2.9,,44.73
393,邊度有得買郵票呀？,bīndou jǎu dāk mǎai jàupîu āa ？,965,52.2,35.3,0.0,21.2,4.0,,44.70
394,我哋兩個都好驚。,ngǒ dei lǒenggô dōu hóu gīng 。,920,51.5,32.4,0.0,19.4,6.7,,44.69
395,我未夠勁。,ngǒ mei gâuging 。,527,43.3,21.0,0.0,12.6,3.3,,44.67
396,我識佢。,ngǒ sīk kěoi 。,50,41.2,17.2,0.0,10.3,4.0,,44.64
397,我俾人偷咗銀包。,ngǒ béi jàn tāu zó ngànbāau 。,927,50.7,32.4,0.0,19.4,5.0,,44.61
398,我忘記唔到佢。,ngǒ mònggêi m dôu kěoi 。,456,48.5,28.0,0.0,16.8,6.7,,44.54
399,放開佢！,fônghōi kěoi ！,120,41.0,17.2,0.0,10.3,4.0,,44.53
400,我哋要搵佢。,ngǒ dei jîu wán kěoi 。,447,46.5,25.4,0.0,15.2,5.7,,44.50
401,我呀妹係護士。,ngǒ āa mui hai wusi 。,665,47.6,28.5,0.0,17.1,4.0,,44.47
402,我冇養貓。,ngǒ mǒu jǒengmāau 。,427,42.9,21.0,0.0,12.6,3.3,,44.46
403,帶佢走。,dâai kěoi záu 。,121,41.2,17.2,0.0,10.3,5.0,,44.41
404,你有冇打火機呀？,něi jǎu mǒu dáafógēi āa ？,923,50.7,31.6,0.0,18.9,7.5,,44.39
405,啲銷售率跌到好犀利。,dī sīusau léotdît dôu hóu sāilei 。,970,52.9,38.2,0.0,22.9,3.1,,44.36
406,我都係咁諗。,ngǒ dōu hai gâm nám 。,225,46.2,25.4,0.0,15.2,5.7,,44.35
407,我係大學生。,ngǒ hai daaihoksāang 。,758,45.5,24.8,0.0,14.8,5.0,,44.34
408,我想辭咗份工佢。,ngǒ sóeng cì zó fan gūng kěoi 。,585,50.8,33.6,0.0,20.1,5.0,,44.34
409,點解係我?,dímgáai hai ngǒ ?,11,43.3,21.0,0.0,12.6,5.0,,44.34
410,呢間屋係我嘅。,nèi gāan ūk hai ngǒ gê 。,470,48.6,29.5,0.0,17.7,5.7,,44.32
411,我哋學中文。,ngǒ dei hok zūngmàn 。,297,45.7,24.7,0.0,14.8,5.7,,44.32
412,我唔想生仔。,ngǒ m sóeng sāngzái 。,757,46.8,24.7,0.0,14.8,8.6,,44.27
413,Tony幾多歲呀？,tīony géi dōsêoi āa ？,259,43.7,22.3,0.0,13.4,4.4,,44.27
414,要飛幾耐㗎？,jîu fēi géinoi gâa ？,881,42.7,21.0,0.0,12.6,4.0,,44.23
415,你要趕喇喎。,něi jîu gón lāa wô 。,376,46.0,25.4,0.0,15.2,5.7,,44.23
416,你測驗測成點呀？,něi cākjim cāaksìngdím āa ？,685,48.5,30.1,0.0,18.1,5.0,,44.23
417,你係醫生。,něi hai jīsāng 。,279,43.3,21.0,0.0,12.6,5.7,,44.21
418,我唔鍾意佢。,ngǒ m zūng jî kěoi 。,285,46.3,25.4,0.0,15.2,6.7,,44.18
419,我哋今晚出去食吖！,ngǒ dei gāmmǎan cēothêoi sik āa ！,834,51.6,35.3,0.0,21.2,5.5,,44.12
420,我周身痠痛。,ngǒ zāusān syūntûng 。,760,44.1,24.8,0.0,14.8,2.9,,44.04
421,你叫乜嘢名呀,něi gîu mātjě mìng āa,374,47.2,28.5,0.0,17.1,5.0,,44.04
422,唔好話俾人聽住。,m hóuwáa béijàn tīng zyu 。,795,49.9,33.6,0.0,20.1,4.4,,44.00
423,呢頂帽係咪你㗎？,nèi díng móu hai mǎi něi gâa ？,399,47.1,29.5,0.0,17.7,3.6,,43.99
424,但係佢好好彩。,daan hai kěoi hóuhóu cói 。,302,46.6,27.2,0.0,16.3,5.7,,43.97
425,阿Bob又見番佢喇。,âa bīob jau gîn fāan kěoi lāa 。,417,46.4,29.5,0.0,17.7,2.2,,43.93
426,唔使喇，唔該。,m sí lāa ， m gōi 。,138,43.7,24.2,0.0,14.5,3.3,,43.93
427,你聞唔聞到有浸煙味？,něi màn m màndóu jǎu zâm jīnmei ？,509,52.4,37.9,0.0,22.8,4.4,,43.92
428,佢新嚟㗎。,kěoi sān lèi gâa 。,198,39.5,17.2,0.0,10.3,3.3,,43.91
429,俾返個袋我。,béi fáangô dói ngǒ 。,537,44.4,24.7,0.0,14.8,4.4,,43.91
430,我覺得你驚咗。,ngǒ gôkdāk něi gīng zó 。,659,47.2,28.5,0.0,17.1,5.7,,43.91
431,你出賣咗我。你點解要咁做呀？,něi cēotmaai zó ngǒ 。 něi dímgáai jîu gâm zou āa ？,735,60.1,49.8,0.0,29.8,6.2,,43.90
432,邊度有得買書呀？,bīndou jǎu dāk mǎaisyū āa ？,815,49.0,32.4,0.0,19.4,4.4,,43.87
433,救命！,gâumeng ！,3,38.7,16.2,0.0,9.7,3.3,,43.84
434,佢好靚。,kěoi hóu lêng 。,266,41.2,17.2,0.0,10.3,8.0,,43.83
435,俾我死咗去算啦。,béi ngǒ séi zó hêoi syûnlāa 。,70,49.5,32.4,0.0,19.4,6.0,,43.81
436,有冇攪錯？,jǎu mǒu gáaucôk ？,425,42.9,21.0,0.0,12.6,6.7,,43.79
437,Linda好鍾意朱古力。,Linda hóu zūng jî zyūgūlīk 。,869,45.4,28.0,0.0,16.8,2.5,,43.78
438,一齊嚟啦。,jātcài lèi lāa 。,93,41.5,21.0,0.0,12.6,3.3,,43.77
439,我冇胃口食飯。,ngǒ mǒu waiháu sikfaan 。,775,46.1,28.0,0.0,16.8,4.4,,43.77
440,我幫你講,ngǒ bōng něigóng,189,43.3,21.0,0.0,12.6,8.0,,43.77
441,佢講嘢好直接。,kěoi góng jě hóu zikzîp 。,651,46.6,28.5,0.0,17.1,5.0,,43.76
442,我遲啲話你知。,ngǒ cì dī waa něi zī 。,654,47.3,29.5,0.0,17.7,5.7,,43.67
443,我舉腳贊成。,ngǒ géoigôek zâansìng 。,160,43.3,24.8,0.0,14.8,2.9,,43.66
444,我咩都聽唔到喎。,ngǒ mē dōu tīng m dôu wô 。,481,52.5,33.6,0.0,20.1,12.5,,43.66
445,歡迎你返嚟呀！,fūnjìng něi fáan lèi āa ！,113,46.4,28.5,0.0,17.1,5.0,,43.64
446,估估嚇㗎咋。,gùgù hâak gâa zâa 。,549,39.9,19.8,0.0,11.8,2.2,,43.58
447,我個鼻好痕。,ngǒgô beihóuhàn 。,289,45.9,26.9,0.0,16.1,6.7,,43.56
448,你可唔可以靜少少啫？,něi hó m hójǐ zingsíusíu zē ？,507,52.0,35.8,0.0,21.4,8.9,,43.49
449,我唔識講法文。,ngǒ m sīk góngfâat màn 。,655,46.0,28.0,0.0,16.8,5.7,,43.44
450,你做咩無嚟到嘅？,něi zou mē mòu lèi dôu gê ？,593,49.7,33.6,0.0,20.1,6.7,,43.44
451,有啲嘢唔知好過知。,jǎu dī jě m zīhóu gwôzī 。,501,49.1,34.1,0.0,20.4,4.4,,43.44
452,你鍾唔鍾意食辣㗎？,něi zūng m zūng jîsik laat gâa ？,945,47.8,31.2,0.0,18.7,5.7,,43.43
453,你係咪真係鍾意我㗎？,něi hai mǎi zān hai zūng jî ngǒ gâa ？,847,50.6,36.4,0.0,21.9,5.0,,43.39
454,我出緊嚟。,ngǒ cēotgán lèi 。,352,41.6,21.0,0.0,12.6,5.7,,43.37
455,我又結咗婚喇。,ngǒ jau gît zó fān lāa 。,566,46.7,29.5,0.0,17.7,5.7,,43.36
456,我阿妹好靚。,ngǒ âamúi hóulêng 。,547,44.2,24.8,0.0,14.8,6.7,,43.35
457,Tom望落幾後生。,tīom monglok géi hausāng 。,961,43.7,26.9,0.0,16.1,2.2,,43.32
458,有啲咩病徵㗎？,jǎu dī mē bengzīng gâa ？,784,43.2,24.7,0.0,14.8,5.0,,43.22
459,我係基佬。,ngǒ hai gēilóu 。,15,40.3,21.0,0.0,12.6,3.3,,43.20
460,我鍾意飲咖啡多啲。,ngǒ zūng jî jám gâafē dō dī 。,261,49.6,36.4,0.0,21.8,3.3,,43.20
461,講清楚啲。,góngcīngcó dī 。,155,40.0,21.0,0.0,12.6,2.5,,43.18
462,邊個同你講㗎？,bīngô tùng něigóng gâa ？,391,43.2,24.8,0.0,14.8,5.0,,43.17
463,你冇嘢吖嘛？,něi mǒu jě āa mâa ？,135,42.9,25.4,0.0,15.2,3.3,,43.17
464,邊度有得買絲綢呀？,bīndou jǎu dāk mǎai sīcàu āa ？,717,49.0,35.3,0.0,21.2,4.0,,43.08
465,我哋兩個都咁高咁大喇。,ngǒ dei lǒenggô dōu gâm gōu gâm daai lāa 。,519,53.5,43.1,0.0,25.9,3.6,,43.07
466,我唔覺得係。,ngǒ m gôkdāk hai 。,644,43.6,24.7,0.0,14.8,6.7,,43.05
467,我副眼鏡喺邊呀？,ngǒ fû ngǎangéng hái bīn āa ？,702,47.7,33.6,0.0,20.1,3.6,,43.04
468,俾嗰本書我。,béi gó búnsyū ngǒ 。,360,43.1,25.4,0.0,15.2,4.4,,43.03
469,你心情靚唔靚呀？,něi sāmcìng lêng m lêng āa ？,919,46.9,31.2,0.0,18.7,5.7,,42.96
470,我好鍾意啲問題。,ngǒ hóu zūng jî dī mantài 。,687,47.3,32.4,0.0,19.4,5.0,,42.94
471,我唔記得咗佢叫咩名。,ngǒ m gêidāk zó kěoi gîu mē mìng 。,418,52.1,40.4,0.0,24.2,5.0,,42.92
472,佢手車好掂。,kěoi sáu cē hóu dim 。,438,43.4,25.4,0.0,15.2,5.7,,42.91
473,冇人知道真相係點。,mǒu jàn zīdou zānsôeng hai dím 。,835,48.6,35.3,0.0,21.2,4.0,,42.90
474,佢做得啱。,kěoi zou dāk ngāam 。,990,41.2,21.3,0.0,12.8,6.7,,42.88
475,冇人會傷害你。,mǒu jànwúi sōenghoi něi 。,666,44.5,28.0,0.0,16.8,5.0,,42.85
476,你飲唔飲茶㗎？,něi jám m jámcàa gâa ？,304,43.4,24.2,0.0,14.5,8.0,,42.85
477,我隻貓吠。,ngǒ zêk māaufai 。,101,39.6,21.0,0.0,12.6,3.3,,42.84
478,你手車好掂喎。,něi sáucē hóu dim wô 。,789,44.7,28.5,0.0,17.1,5.0,,42.80
479,佢好快就會嚟㗎喇。,kěoi hóu fâai zau wúi lèi gâa lāa 。,408,48.3,33.6,0.0,20.1,6.7,,42.77
480,佢咩都冇講到。,kěoi mē dōu mǒu góngdôu 。,898,45.9,29.5,0.0,17.7,6.7,,42.76
481,你點解喺度唱歌呀？,něi dímgáai hái dou côenggō āa ？,609,48.3,35.3,0.0,21.2,4.0,,42.75
482,Tom係我舊拍檔。,tīom hai ngǒ gau pâakdông 。,841,41.9,25.4,0.0,15.2,2.9,,42.74
483,份論文幾時交呀？,fan leonmàn géisì gāauāa ？,814,45.1,31.3,0.0,18.8,2.2,,42.71
484,蘇嗎人要曬！,sōu mâa jàn jîu sâai ！,752,42.0,25.4,0.0,15.2,3.3,,42.71
485,我連企都唔係好企得穩。,ngǒlìn kěidōu m hai hóu kěidāk wán 。,517,52.0,40.7,0.0,24.4,5.5,,42.69
486,你鍾唔鍾意唱歌？,něi zūng m zūng jî côenggō ？,580,46.5,31.2,0.0,18.7,6.0,,42.68
487,我唔鍾意飲咖啡。,ngǒ m zūng jî jám gâafē 。,582,46.8,32.4,0.0,19.4,5.0,,42.66
488,乞嚏!,hāttâi !,6,35.0,16.2,0.0,9.7,0.0,,42.63
489,重新嚟過啦。,cùngsān lèi gwôlāa 。,65,41.3,24.8,0.0,14.8,3.3,,42.58
490,你返工返成點呀？,něi fāangūng fáansìngdím āa ？,180,45.2,30.1,0.0,18.1,5.0,,42.57
491,我喺邊度可以買到？,ngǒ hái bīndou hójǐ mǎai dôu ？,506,48.7,35.3,0.0,21.2,6.0,,42.53
492,佢係咪喺呢度住㗎？,kěoi hai mǎi hái nèi dou zyu gâa ？,406,46.7,33.6,0.0,20.1,4.0,,42.49
493,個女人好靚。,gô něoijàn hóulêng 。,895,43.2,24.8,0.0,14.8,8.6,,42.46
494,邊本書係你㗎？,bīn búnsyū hai něi gâa ？,575,41.1,24.8,0.0,14.8,3.3,,42.46
495,我唔識畫雀仔。,ngǒ m sīk wáazôekzái 。,565,44.0,28.0,0.0,16.8,5.7,,42.45
496,我永遠都唔會忘記你。,ngǒ wǐngjyǔn dōu m wúi mònggêi něi 。,854,50.0,38.2,0.0,22.9,5.5,,42.44
497,我鍾意睇書。,ngǒ zūng jî tái syū 。,639,41.0,25.4,0.0,15.2,2.9,,42.31
498,太陽喺邊到？,tâaijòeng hái bīn dôu ？,299,41.6,25.4,0.0,15.2,4.4,,42.27
499,唔好浪費時間。,m hóu longfâisìgāan 。,306,43.3,28.0,0.0,16.8,5.0,,42.26
500,希望你講嘅嘢唔係真㗎啦。,hēimong něi góng gê jě m hai zān gâa lāa 。,868,52.6,44.4,0.0,26.6,3.6,,42.24
501,我有兩隻貓。,ngǒ jǎu lǒengzêk māau 。,223,42.0,25.4,0.0,15.2,5.7,,42.23
502,叫佢打電話俾我。,gîu kěoi dáadinwáa béi ngǒ 。,590,47.0,33.6,0.0,20.1,6.0,,42.22
503,我唔係加拿大人。,ngǒ m hai gāanàadaaijàn 。,397,45.2,31.3,0.0,18.8,5.0,,42.18
504,呢個係一句句子。,nèi gô hai jātgêoi gêoizí 。,488,43.4,30.3,0.0,18.2,2.2,,42.18
505,佢偷咗我隻表。,kěoi tāu zó ngǒ zêk bíu 。,380,44.3,29.5,0.0,17.7,5.7,,42.16
506,佢唔鍾意蛋。,kěoi m zūng jî dáan 。,631,40.7,25.4,0.0,15.2,2.9,,42.15
507,我住喺橫濱。,ngǒ zyu hái wàangbān 。,439,41.5,25.4,0.0,15.2,5.0,,42.14
508,佢感動到喊咗。,kěoi gámdung dôu hâam zó 。,911,44.2,29.5,0.0,17.7,5.7,,42.12
509,死撚開啦你！,séi nán hōi lāa něi ！,23,41.6,25.4,0.0,15.2,5.7,,42.05
510,拜拜！,bāaibâai ！,1,33.0,14.9,0.0,9.0,0.0,,42.03
511,佢放低咗枝槍。,kěoi fôngdāi zó zīcōeng 。,650,44.0,29.5,0.0,17.7,5.7,,42.00
512,呢個唔貴。,nèi gô m gwâi 。,429,38.5,21.3,0.0,12.8,4.4,,41.98
513,呢間係咪你間屋？,nèi gāan hai mǎi něi gāan ūk ？,483,44.8,32.3,0.0,19.4,3.6,,41.98
514,你隻狗喺邊？,něi zêk gáu hái bīn ？,300,41.5,25.4,0.0,15.2,5.7,,41.97
515,我瞓覺好易醒。,ngǒ fângâau hóujiksíng 。,570,43.7,29.5,0.0,17.7,5.7,,41.87
516,佢哋仲未起身呀？,kěoi dei zung mei héisān āa ？,791,44.8,32.4,0.0,19.4,4.0,,41.86
517,佢唱女高音架。,kěoi côeng něoigōujām gáa 。,386,42.2,28.0,0.0,16.8,4.4,,41.82
518,我睇咗佢本書。,ngǒ tái zó kěoi búnsyū 。,243,43.5,29.5,0.0,17.7,5.7,,41.77
519,呢張咭係咪你㗎？,nèi zōeng kāat hai mǎi něi gâa ？,400,42.7,29.5,0.0,17.7,3.6,,41.77
520,我覺得所有嘢都係整定嘅。,ngǒ gôkdāk sójǎu jě dōu hai zíng ding gê 。,185,53.9,47.0,0.0,28.2,5.5,,41.76
521,本性難移。,búnsîngnàanjì 。,530,36.9,22.3,0.0,13.4,0.0,,41.73
522,我好鍾意佢個口音。,ngǒ hóu zūng jî kěoi gô háujām 。,411,47.1,36.4,0.0,21.8,4.4,,41.73
523,坐定定。,zoding ding 。,32,37.3,16.5,0.0,9.9,10.0,,41.70
524,你幾時返嚟呀？,něi géisì fáan lèi āa ？,787,42.5,28.5,0.0,17.1,5.0,,41.68
525,今日天氣好熱。,gāmjat tīnhêi hóujit 。,170,41.4,28.5,0.0,17.1,2.5,,41.63
526,我要忘記佢。,ngǒjîu mònggêi kěoi 。,641,40.3,24.7,0.0,14.8,5.7,,41.61
527,阿Tom打咗電話畀我。,âa tīom dáa zó dinwáa béi ngǒ 。,145,44.6,32.4,0.0,19.4,5.0,,41.57
528,佢依家傷風。,kěoi jī gāa sōengfūng 。,361,39.3,25.4,0.0,15.2,2.5,,41.53
529,喂，唔錯喎屌你！,wâi ， m cô wô díu něi ！,474,43.0,29.5,0.0,17.7,5.7,,41.50
530,佢喊咗出嚟。,kěoi hâam zó cēot lèi 。,292,39.4,25.4,0.0,15.2,2.9,,41.49
531,蕾拉想返屋企。,lèoi lāai sóeng fáan ūkkéi 。,909,43.5,28.5,0.0,17.1,8.6,,41.48
532,我唔見咗我條鎖匙。,ngǒ m gîn zó ngǒtìu sósì 。,143,45.4,34.1,0.0,20.4,5.0,,41.45
533,你係最高嗰個。,něi hai zêoigōu gó gô 。,918,41.9,28.5,0.0,17.1,5.0,,41.40
534,你係咪喺東京住㗎？,něi hai mǎi hái dūnggīng zyu gâa ？,706,44.5,33.6,0.0,20.1,4.0,,41.39
535,佢心口好多毛。,kěoi sāmháu hóudō mòu 。,649,41.6,28.0,0.0,16.8,5.0,,41.39
536,一杯咖啡唔該。,jātbūi gâafē m gōi 。,165,40.6,28.0,0.0,16.8,2.5,,41.39
537,唔好意思，我蕩失咗路。,m hóujîsî ， ngǒ dong sāt zó lou 。,616,48.4,39.2,0.0,23.5,5.5,,41.37
538,離呢到遠唔遠㗎？,lèi nèi dôu jyǔn m jyǔn gâa ？,586,42.4,28.2,0.0,16.9,6.7,,41.37
539,我係邊個㗎？,ngǒ hai bīngô gâa ？,40,36.7,21.0,0.0,12.6,3.3,,41.37
540,好難講㗎喎。,hóu nàangóng gâa wô 。,288,36.7,21.0,0.0,12.6,3.3,,41.36
541,佢好快就會返嚟㗎喇。,kěoi hóu fâai zau wúi fáan lèi gâa lāa 。,719,47.7,37.7,0.0,22.6,6.0,,41.36
542,你真係講得好啱。,něi zān hai góngdāk hóu ngāam 。,937,45.2,32.4,0.0,19.4,7.5,,41.35
543,我係咪應該擔心呢？,ngǒ hai mǎi jīnggōi dāamsām nèi ？,838,45.3,35.3,0.0,21.2,3.6,,41.32
544,我好憎佢頂帽。,ngǒ hóu zāng kěoi díng móu 。,167,42.6,29.5,0.0,17.7,5.7,,41.31
545,佢開始唱歌。,kěoi hōicí côenggō 。,373,39.0,24.7,0.0,14.8,4.0,,41.31
546,我睇咗一本書。,ngǒ tái zó jāt búnsyū 。,137,42.0,28.5,0.0,17.1,5.7,,41.30
547,我唔係魔術師。,ngǒ m hai mōseotsī 。,461,41.7,28.0,0.0,16.8,5.7,,41.30
548,我哋一路行一路食啦。,ngǒ dei jātlouhàng jātlou sik lāa 。,728,46.0,35.8,0.0,21.4,5.0,,41.30
549,你講得冇錯。,něi góngdāk mǒu cô 。,109,39.6,24.7,0.0,14.8,5.7,,41.27
550,我係食齋嘅。,ngǒ hai sikzāai gê 。,366,40.4,25.4,0.0,15.2,6.7,,41.22
551,仲落緊雨。,zunglok gánjyǔ 。,431,36.8,22.3,0.0,13.4,2.5,,41.22
552,唔該你八點叫我起身吖。,m gōi něi bâatdím gîu ngǒ héisān āa 。,516,50.9,43.1,0.0,25.8,6.7,,41.21
553,我讀咗你本書。,ngǒduk zó něi búnsyū 。,311,41.5,28.0,0.0,16.8,5.7,,41.21
554,仲好貴添。,zunghóu gwâitīm 。,745,37.1,22.3,0.0,13.4,3.3,,41.21
555,電話響呀！,dinwaahóeng āa ！,628,37.1,22.3,0.0,13.4,3.3,,41.16
556,我好攰。,ngǒ hóu 攰 。,49,36.7,17.2,0.0,10.3,10.0,,41.16
557,我本書去咗邊呀？,ngǒ búnsyū hêoi zó bīnāa ？,255,43.1,31.3,0.0,18.8,5.0,,41.13
558,抵抗係無用嘅。,dáikông hai mòujung gê 。,667,40.3,28.5,0.0,17.1,2.5,,41.12
559,擘大口！,mâakdaaiháu ！,192,37.5,23.3,0.0,14.0,3.3,,41.12
560,俾我睇嚇。,béi ngǒ tái hâak 。,127,36.8,21.3,0.0,12.8,5.0,,41.02
561,咪一樣嘅嘢。,mǎi jātjoeng gê jě 。,545,38.4,25.4,0.0,15.2,2.9,,40.98
562,唔該你打開道門吖。,m gōi něi dáahōi doumùn āa 。,714,44.9,35.3,0.0,21.2,4.4,,40.96
563,呢支匙羹係飲湯用嘅。,nèi zīsì gāng hai jámtōng jung gê 。,971,46.1,39.2,0.0,23.5,1.8,,40.94
564,收撚皮啦。,sāu nán pèi lāa 。,276,36.0,21.3,0.0,12.8,3.3,,40.94
565,係又點呀屌你老母？,hai jaudím āa díu něi lǒumóu ？,262,44.6,35.3,0.0,21.2,4.0,,40.91
566,就嚟六點喇。,zau lèi lukdím lāa 。,228,38.6,24.7,0.0,14.8,5.0,,40.90
567,佢朝頭早七點起咗身。,kěoi cìu tàu zóu cātdím héi zó sān 。,725,47.6,41.8,0.0,25.1,2.0,,40.89
568,佢嚟咗未呀？,kěoi lèi zó mei āa ？,218,39.7,25.4,0.0,15.2,6.7,,40.89
569,啲小朋友好驚。,dī síupàngjǎu hóu gīng 。,572,41.2,28.0,0.0,16.8,6.7,,40.88
570,你係咪嚟㗎？,něi hai mǎi lèi gâa ？,750,36.7,21.3,0.0,12.8,5.7,,40.82
571,我哋食咗飯。,ngǒ dei sik zó faan 。,134,39.4,25.4,0.0,15.2,6.7,,40.73
572,我可唔可以借你架單車嚟用嚇呀？,ngǒ hó m hójǐ zê něi gáa dāancē lèi jung hâak āa ？,983,58.1,56.3,0.0,33.8,7.1,,40.72
573,可以話係，亦都可以話唔係。,hójǐ waa hai ， jik dōu hójǐ waa m hai 。,71,49.3,42.0,0.0,25.2,6.7,,40.71
574,呢樣唔係小事。,nèi joeng m hai síusi 。,662,39.8,28.5,0.0,17.1,3.6,,40.60
575,唔好俾隻狗入嚟。,m hóu béi zêk gáujap lèi 。,320,42.4,32.4,0.0,19.4,4.4,,40.59
576,你鍾唔鍾意大自然㗎？,něi zūng m zūng jî daaizijìn gâa ？,508,43.6,34.1,0.0,20.4,5.0,,40.56
577,你唔應該講大話。,něi m jīnggōi góng daaiwaa 。,495,41.9,31.3,0.0,18.8,5.0,,40.55
578,我識用。,ngǒsīkjung 。,875,36.6,23.3,0.0,14.0,4.0,,40.55
579,梗係唔係啦！,gáng hai m hai lāa ！,131,38.2,24.2,0.0,14.5,6.7,,40.53
580,我俾咗我個地址佢。,ngǒ béi zó ngǒ gô deizí kěoi 。,830,44.1,35.1,0.0,21.1,5.0,,40.53
581,其實阿Tom講大話。,kèisat âa tīom góng daaiwaa 。,420,39.0,28.5,0.0,17.1,2.2,,40.52
582,我哋好鍾意傾偈㗎。,ngǒ dei hóu zūng jîkīng gái gâa 。,333,42.5,32.4,0.0,19.4,5.0,,40.51
583,佢唔喺度。,kěoi m hái dou 。,156,35.0,21.3,0.0,12.8,3.3,,40.43
584,講啲嘢啦。,góng dī jě lāa 。,128,35.0,21.3,0.0,12.8,3.3,,40.43
585,收撚皮啦屌！,sāu nán pèi lāa díu ！,293,37.2,25.4,0.0,15.2,2.9,,40.41
586,佢唔食煙。,kěoi m sik jīn 。,344,34.9,21.3,0.0,12.8,3.3,,40.40
587,蕾拉瞓得好稔。,lèoi lāai fân dāk hóu jǎm 。,910,40.5,29.5,0.0,17.7,5.0,,40.39
588,隨便食吖。,cèoibín sik āa 。,626,34.6,21.0,0.0,12.6,3.3,,40.31
589,佢哋幾高？,kěoi dei géi gōu ？,347,35.6,21.3,0.0,12.8,5.7,,40.27
590,佢唔係傻仔。,kěoi m hai sò zái 。,363,36.9,25.4,0.0,15.2,2.9,,40.26
591,佢冷親。,kěoi lǎang cān 。,117,32.2,17.2,0.0,10.3,3.3,,40.24
592,會生返嘅。,wúisāng fáan gê 。,200,34.4,21.0,0.0,12.6,3.3,,40.24
593,揸住支蠟燭。,zāa zyu zī laapzūk 。,221,36.1,24.8,0.0,14.8,2.2,,40.18
594,我哋冇曬茶喇。,ngǒ dei mǒu sâai càa lāa 。,672,40.1,29.5,0.0,17.7,5.0,,40.18
595,佢幫我哋。,kěoi bōng ngǒ dei 。,77,35.7,21.3,0.0,12.8,6.7,,40.10
596,佢哋好襯。,kěoi dei hóu cân 。,878,35.7,21.3,0.0,12.8,6.7,,40.10
597,我睇咗本書喇。,ngǒ tái zó búnsyū lāa 。,657,39.5,28.5,0.0,17.1,5.7,,40.08
598,我見到佢喺度跑步。,ngǒ gîndôu kěoi hái dou páaubou 。,412,42.8,35.3,0.0,21.2,3.6,,40.07
599,我會永遠掛住佢。,ngǒwúi wǐngjyǔn gwâazyu kěoi 。,801,41.6,31.3,0.0,18.8,6.7,,40.07
600,佢驚蛇。,kěoi gīng sè 。,872,31.8,17.2,0.0,10.3,3.3,,40.06
601,你俾咗邊個呀？,něi béi zó bīngô āa ？,917,39.2,28.5,0.0,17.1,5.0,,40.04
602,呢個咩嚟㗎？,nèi gô mē lèi gâa ？,67,34.5,21.3,0.0,12.8,4.0,,40.03
603,呢啲書唔係我嘅。,nèi dī syū m hai ngǒ gê 。,696,42.1,33.6,0.0,20.1,5.0,,39.98
604,你點解會知嘅？,něi dímgáai wúi zī gê ？,677,38.3,28.0,0.0,16.8,4.0,,39.95
605,我打爛咗你個煙灰缸。,ngǒ dáalaan zó něi gô jīnfūigōng 。,720,44.4,38.2,0.0,22.9,4.0,,39.92
606,我哋會唔會準時去到㗎？,ngǒ dei wúi m wúi zéonsì hêoi dôu gâa ？,976,45.4,39.1,0.0,23.5,5.5,,39.87
607,你仲嬲緊呀？,něi zung nāu gán āa ？,533,37.2,25.4,0.0,15.2,5.7,,39.86
608,你點解咁講嘅？,něi dímgáai gâm góng gê ？,578,38.2,28.5,0.0,17.1,4.0,,39.76
609,你點解咁諗嘅？,něi dímgáai gâm nám gê ？,579,38.2,28.5,0.0,17.1,4.0,,39.76
610,好大風。,hóu daaifūng 。,52,36.6,23.3,0.0,14.0,8.0,,39.74
611,佢憎自己嘅同類。,kěoi zāng zigéi gê tùngleoi 。,797,40.7,32.4,0.0,19.4,4.4,,39.74
612,我姓王。,ngǒsîng wòng 。,619,31.7,17.8,0.0,10.7,4.0,,39.72
613,你啱。,něi ngāam 。,424,30.0,13.2,0.0,7.9,6.7,,39.72
614,呢個女仔邊個嚟㗎？,nèi gô něoizái bīngô lèi gâa ？,334,38.9,31.2,0.0,18.7,2.0,,39.69
615,我唔識講西班牙文。,ngǒ m sīkgóng sāibāanngàamàn 。,829,41.9,34.7,0.0,20.8,4.4,,39.67
616,我個肚喺度咕咕叫。,ngǒgô tǒu hái dou gūgū gîu 。,959,41.8,34.1,0.0,20.4,5.0,,39.65
617,你唔肚餓嘅咩？,něi m tǒu ngo gê mē ？,769,39.6,29.5,0.0,17.7,6.7,,39.64
618,佢無做錯。,kěoi mòu zou cô 。,621,33.4,21.3,0.0,12.8,3.3,,39.64
619,佢應承咗我。,kěoi jīngsìng zó ngǒ 。,231,37.1,25.4,0.0,15.2,6.7,,39.57
620,多謝。,dōze 。,27,30.0,16.2,0.0,9.7,2.9,,39.57
621,點解？,dímgáai ？,2,29.8,16.2,0.0,9.7,2.9,,39.49
622,我唔會輸嘅！,ngǒ m wúi syū gê ！,106,36.9,25.4,0.0,15.2,6.7,,39.47
623,我殺咗佢。,ngǒ sâat zó kěoi 。,349,34.9,21.3,0.0,12.8,8.0,,39.47
624,你殺咗邊個呀？,něi sâat zó bīngô āa ？,316,38.0,28.5,0.0,17.1,5.0,,39.47
625,開始！,hōicí ！,9,30.0,16.2,0.0,9.7,3.3,,39.46
626,佢今日可能會嚟。,kěoi gāmjat hónàng wúi lèi 。,396,38.5,31.6,0.0,18.9,2.0,,39.39
627,我買咗部新嘅剃鬚刨。,ngǒ mǎai zó bou sān gê tâisōu pàau 。,851,45.4,41.8,0.0,25.1,4.0,,39.38
628,邊度？,bīndou ？,7,29.8,16.2,0.0,9.7,3.3,,39.37
629,佢哋住喺邊度呀？,kěoi dei zyu hái bīndou āa ？,492,39.8,33.6,0.0,20.1,2.2,,39.37
630,我好鍾意嗰個廣告。,ngǒ hóu zūng jî gó gô gwónggôu 。,953,43.1,37.7,0.0,22.6,4.4,,39.35
631,森美想要多啲錢。,sāmměi sóengjîu dō dī cín 。,936,39.8,31.6,0.0,18.9,5.5,,39.35
632,呢隻係一隻貓。,nèi zêk hai jātzêk māau 。,139,36.6,28.2,0.0,16.9,2.5,,39.34
633,我唔記得問佢添。,ngǒ m gêidāk man kěoi tīm 。,583,40.1,32.4,0.0,19.4,5.0,,39.33
634,我嚟緊喇。,ngǒ lèi gán lāa 。,126,33.7,21.3,0.0,12.8,5.7,,39.33
635,我請你飲嘢吖。,ngǒ cíng něi jám jě āa 。,660,38.6,29.5,0.0,17.7,5.7,,39.32
636,幾時放學呀？,géisì fônghok āa ？,553,34.6,24.8,0.0,14.8,2.9,,39.31
637,冇人會再聽㗎喇。,mǒu jànwúi zôi tīng gâa lāa 。,934,37.7,28.5,0.0,17.1,5.0,,39.30
638,我買咗個新袋。,ngǒ mǎai zó gô sāndói 。,455,37.9,28.5,0.0,17.1,5.7,,39.27
639,嗰個公仔好恐怖。,gó gô gūngzái hóu húngbôu 。,486,39.1,31.6,0.0,18.9,4.0,,39.25
640,我開心到彈咗起身。,ngǒ hōisām dôudáan zó héisān 。,327,41.7,34.7,0.0,20.8,6.0,,39.24
641,佢上個禮拜病咗。,kěoi soenggô lǎibâai beng zó 。,799,39.4,33.6,0.0,20.1,2.2,,39.20
642,唔好自己一個行返屋企。,m hóu zigéi jātgô hàngfáan ūkkéi 。,861,45.1,41.2,0.0,24.7,5.0,,39.18
643,我已經決定咗喇。,ngǒ jǐgīng kyûtding zó lāa 。,480,39.2,31.6,0.0,18.9,5.0,,39.13
644,我盡曬人事㗎喇。,ngǒ zeon sâai jànsi gâa lāa 。,398,37.1,28.5,0.0,17.1,4.4,,39.11
645,佢叫醒咗阿Tom。,kěoi gîuséng zó âa tīom 。,182,34.2,24.7,0.0,14.8,2.9,,39.11
646,真係咁難咩？,zān hai gâm nàan mē ？,643,34.8,25.4,0.0,15.2,3.3,,39.11
647,太細喇。,tâaisâi lāa 。,148,30.0,17.8,0.0,10.7,2.9,,39.09
648,啲細路真係大得好快。,dī sâilou zān hai daaidāk hóu fâai 。,724,43.8,39.2,0.0,23.5,5.5,,39.06
649,粒鈕甩咗出嚟。,lāpnáu lāt zó cēot lèi 。,571,36.2,28.5,0.0,17.1,2.5,,39.06
650,佢喺度打緊哥爾夫球。,kěoi hái dou dáagán gōjǐfūkàu 。,511,43.8,41.8,0.0,25.1,1.8,,39.01
651,佢哋冇出現。,kěoi dei mǒu cēotjin 。,550,34.2,25.4,0.0,15.2,2.5,,38.99
652,佢好誠實。,kěoi hóu sìngsat 。,96,33.4,21.3,0.0,12.8,6.7,,38.97
653,我幾鍾意過 Tony。,ngǒ géi zūng jîgwô tīony 。,115,34.9,24.7,0.0,14.8,5.7,,38.93
654,呢把刀好利。,nèi báa dōu hóulei 。,646,33.8,24.7,0.0,14.8,2.9,,38.90
655,個餡餅咁好食嘅！,gô háambéng gâm hóu sik gê ！,403,38.8,32.4,0.0,19.4,4.0,,38.89
656,我同阿Tom都幾熟嚇。,ngǒtùng âa tīom dōu géisuk hâak 。,862,39.8,31.3,0.0,18.8,8.0,,38.89
657,我喺外國讀書。,ngǒ hái ngoigwôk duksyū 。,168,36.3,29.5,0.0,17.7,2.5,,38.79
658,點解你唔眼瞓嘅？,dímgáai něi m ngǎanfân gê ？,816,38.5,31.6,0.0,18.9,5.0,,38.79
659,係畀你嘅。,hai béi něi gê 。,205,32.0,21.3,0.0,12.8,4.0,,38.78
660,佢叫咗碟炒雜碎。,kěoi gîu zó dip cáau zaapsêoi 。,924,38.6,33.6,0.0,20.1,2.2,,38.77
661,你點解打電話嘅？,něi dímgáai dáadinwáa gê ？,324,37.9,31.6,0.0,18.9,3.6,,38.77
662,小心落石！,síusām loksek ！,986,31.9,22.3,0.0,13.4,2.5,,38.76
663,嘩！咁抵？！,wāa ！ gâm dái ？ ！,375,27.8,17.2,0.0,10.3,0.0,,38.71
664,我爭佢一百円。,ngǒ zāng kěoi jātbâak 円 。,382,36.5,28.5,0.0,17.1,5.0,,38.71
665,我哋搞錯咗啲咩呀？,ngǒ dei gáaucô zó dī mē āa ？,842,42.8,37.7,0.0,22.6,7.5,,38.60
666,嘢食嚟。,jě sik lèi 。,92,28.8,17.2,0.0,10.3,3.3,,38.58
667,Tom冇興趣。,tīom mǒu hîngcêoi 。,671,29.0,17.8,0.0,10.7,3.3,,38.52
668,我係潮州人。,ngǒ hai cìuzāujàn 。,105,33.0,24.8,0.0,14.8,2.9,,38.52
669,森美又遲到喇。,sāmměi jau cìdôu lāa 。,464,34.8,28.0,0.0,16.8,2.5,,38.49
670,呢啲咁嘅事都唔係未發生過。,nèi dī gâm gê si dōu m hai mei fâatsāng gwô 。,981,50.4,54.0,0.0,32.4,2.7,,38.48
671,佢最後坐咗監。,kěoi zêoihau zo zó gāam 。,559,35.6,29.5,0.0,17.7,2.5,,38.46
672,Tom冇放棄。,tīom mǒu fônghêi 。,471,29.1,17.8,0.0,10.7,4.0,,38.45
673,我唔鐘意食沙律。,ngǒ m zūngjî sik sāaleot 。,479,37.7,31.3,0.0,18.8,5.0,,38.44
674,蕾拉長大緊。,lèoi lāai zóengdaai gán 。,546,34.0,24.8,0.0,14.8,5.7,,38.43
675,今日天氣幾凍㗎。,gāmjat tīnhêi géidûng gâa 。,930,34.7,28.5,0.0,17.1,2.0,,38.40
676,唔好傷害佢哋。,m hóu sōenghoi kěoi dei 。,236,35.9,28.5,0.0,17.1,5.0,,38.39
677,呢個只不過係個藉口。,nèi gô zíbātgwô hai gô zeháu 。,857,40.2,37.9,0.0,22.8,1.8,,38.37
678,你識唔識講英文？,něisīk m sīkgóng jīngmàn ？,681,37.0,30.1,0.0,18.1,5.7,,38.35
679,你識唔識講英文㗎？,něisīk m sīkgóng jīngmàn gâa ？,820,37.0,30.1,0.0,18.1,5.7,,38.35
680,蕾拉好有責任感。,lèoi lāai hóu jǎu zâakjamgám 。,692,37.4,31.6,0.0,18.9,4.4,,38.35
681,帶埋你老婆嚟吖。,dâai màai něi lǒupò lèi āa 。,248,37.7,32.4,0.0,19.4,4.0,,38.33
682,我冇嬲過你。,ngǒ mǒu nāu gwôněi 。,886,35.2,24.7,0.0,14.8,10.0,,38.22
683,我踩單車返工。,ngǒ cáai dāancē fāangūng 。,240,34.2,28.0,0.0,16.8,2.5,,38.21
684,我揸車送你返屋企啦。,ngǒ zāa cēsûng něi fáan ūkkéi lāa 。,612,41.5,39.2,0.0,23.5,4.0,,38.20
685,麻煩你喺呢度簽個名吖。,màafàan něi hái nèi dou cīm gô mìng āa 。,338,44.7,44.4,0.0,26.6,4.3,,38.20
686,有人嚟緊幫手㗎喇。,jǎujàn lèi gán bōngsáu gâa lāa 。,498,37.0,31.3,0.0,18.8,4.4,,38.20
687,我啲龍喺邊度呀？,ngǒ dī lùng hái bīndou āa ？,701,38.1,33.6,0.0,20.1,4.0,,38.18
688,你講唔講世界語?,něigóng m góng sâigâaijyǔ ?,921,36.8,30.3,0.0,18.2,5.7,,38.18
689,我哋坐咗喺前排。,ngǒ dei zo zó hái cìnpàai 。,592,37.8,32.4,0.0,19.4,5.0,,38.16
690,我好鍾意嗰間餐廳。,ngǒ hóu zūng jî gó gāan cāantēng 。,954,40.6,37.7,0.0,22.6,4.4,,38.12
691,死開！,séihōi ！,13,29.9,16.2,0.0,9.7,10.0,,38.09
692,咩話？我聽唔到你講咩呀。,mē waa ？ ngǒ tīng m dôu něigóng mē āa 。,980,44.9,43.1,0.0,25.9,7.3,,38.07
693,過去我係一條白癡！,gwôhêoi ngǒ hai jāttìu baakcī ！,608,38.9,35.3,0.0,21.2,4.0,,38.07
694,佢係咁道歉。,kěoi hai gâm douhîp 。,996,31.9,24.7,0.0,14.8,2.5,,38.07
695,興唔興奮呀？,hīng m hīngfǎn āa ？,208,32.1,23.4,0.0,14.1,5.0,,38.02
696,唔好咁孤寒啦。,m hóu gâm gūhòn lāa 。,235,36.6,28.5,0.0,17.1,8.6,,38.01
697,蕾拉脫咗險。,lèoi lāai tyût zó hím 。,888,33.6,25.4,0.0,15.2,5.7,,38.01
698,冇人愛我。,mǒu jànôingǒ 。,204,32.6,22.3,0.0,13.4,8.0,,38.01
699,俾我睇嚇你個傷口。,béi ngǒ tái hâak něi gô sōengháu 。,833,39.6,36.4,0.0,21.8,4.4,,38.00
700,架車撞咗埋牆。,gáacē zong zó màaicòeng 。,468,33.8,28.0,0.0,16.8,2.5,,37.98
701,我想瞓晏覺。,ngǒ sóeng fân âan gôk 。,642,33.8,25.4,0.0,15.2,6.7,,37.95
702,佢就嚟六十歲。,kěoi zau lèi luksapsêoi 。,778,34.0,28.5,0.0,17.1,2.5,,37.94
703,你喺嗰度做咗啲咩呀？,něi hái gó dou zou zó dī mē āa ？,859,44.0,41.8,0.0,25.1,8.0,,37.86
704,「下次喇。」佢講。,「 haacî lāa 。 」 kěoi góng 。,502,31.5,24.7,0.0,14.8,2.5,,37.86
705,太陽落緊山。,tâaijòeng lok gánsāan 。,764,32.7,26.9,0.0,16.1,2.2,,37.85
706,我唔見咗結婚戒指。,ngǒ m gîn zó gîtfāngâaizí 。,952,38.7,35.3,0.0,21.2,4.4,,37.85
707,唔出奇吖。,m cēotkèi āa 。,747,29.6,21.0,0.0,12.6,3.3,,37.85
708,我一定要搵啲嘢嚟講。,ngǒ jātding jîu wán dī jě lèi góng 。,722,41.9,40.4,0.0,24.2,5.0,,37.83
709,貓唔戴頸箍。,māaum dâai géng kū 。,995,31.5,24.7,0.0,14.8,2.9,,37.80
710,我唔使瞓晏覺。,ngǒ m sí fân âan gôk 。,457,35.5,29.5,0.0,17.7,5.7,,37.78
711,我淨係得一個心願。,ngǒzing hai dāk jātgô sāmjyun 。,599,38.0,34.7,0.0,20.8,4.4,,37.69
712,佢住喺我屋企附近。,kěoi zyu hái ngǒ ūkkéi fugan 。,947,38.0,35.3,0.0,21.2,3.6,,37.69
713,佢踢咗我兩腳。,kěoi têk zó ngǒ lǒeng gôek 。,454,35.3,29.5,0.0,17.7,5.7,,37.65
714,佢企咗起身。,kěoi kěi zó héisān 。,80,31.2,24.7,0.0,14.8,2.9,,37.60
715,攰死人喇！,攰 séi jàn lāa ！,55,30.0,21.3,0.0,12.8,5.0,,37.60
716,死撚開啦！,séi nán hōi lāa ！,270,30.0,21.3,0.0,12.8,5.0,,37.60
717,佢好憎昆蟲。,kěoi hóu zāng kwāncùng 。,281,32.6,25.4,0.0,15.2,5.7,,37.54
718,你隻貓係黑色嘅。,něi zêk māau hai hāksīk gê 。,405,35.5,32.4,0.0,19.4,2.5,,37.53
719,邊個係你個袋?,bīngô hai něi gô dói ?,788,32.6,27.2,0.0,16.3,3.3,,37.48
720,你唔出聲冇人當你啞㗎喎。,něi m cēotsēng mǒu jàndōng něi áa gâa wô 。,116,41.6,41.8,0.0,25.1,4.0,,37.45
721,佢擺明講大話。,kěoi báaimìng góng daaiwaa 。,378,34.6,29.5,0.0,17.7,5.0,,37.45
722,揸慢啲。,zāa maan dī 。,88,26.3,17.2,0.0,10.3,2.9,,37.39
723,堂課好悶。,tòngfô hóumun 。,877,29.5,22.3,0.0,13.4,3.3,,37.37
724,我鍾意啲淺啲嘅色。,ngǒ zūng jî dī cín dī gê sīk 。,600,38.5,36.4,0.0,21.9,5.0,,37.32
725,個演唱會點呀？,gô jíncôeng wúidím āa ？,562,32.4,28.0,0.0,16.8,2.5,,37.31
726,俾幾分鐘時間我。,béi géifānzūng sìgâan ngǒ 。,689,34.7,31.3,0.0,18.8,3.6,,37.24
727,你輸咗喇。繼唔繼續玩？,něi syū zó lāa 。 gâim gâizuk wun ？,617,39.0,37.9,0.0,22.8,4.4,,37.23
728,佢有一幅畢加索嘅畫。,kěoi jǎu jātfūk bātgāasôk gê wáa 。,335,39.2,39.2,0.0,23.5,3.1,,37.22
729,阿Tom打爛咗個窗。,âa tīom dáalaan zó gô cōeng 。,727,32.5,28.5,0.0,17.1,2.5,,37.22
730,講多啲俾我聽。,góngdō dī béi ngǒ tīng 。,111,33.3,28.5,0.0,17.1,4.4,,37.19
731,個罐係吉嘅。,gô gûn hai gāt gê 。,295,30.7,25.4,0.0,15.2,2.9,,37.17
732,咪鬱。,mǎijūk 。,42,26.0,16.2,0.0,9.7,5.0,,37.15
733,我唔識講康納達話。,ngǒ m sīk gónghōng naapdaatwaa 。,828,36.8,34.7,0.0,20.8,4.4,,37.11
734,你阿爸喺邊呀？,něi âabāa hái bīn āa ？,675,33.2,28.5,0.0,17.1,5.0,,37.06
735,做得好！,zoudākhóu ！,18,34.1,23.3,0.0,14.0,15.0,你做得好好。,37.05
736,黑色嗰個係我嘅。,hāksīk gó gô hai ngǒ gê 。,809,35.5,32.4,0.0,19.4,5.0,,37.03
737,我對襪濕咗。,ngǒ dêoi matsāp zó 。,290,31.5,24.7,0.0,14.8,6.7,,37.03
738,光線會吸引昆蟲。,gwōngsîn wúi kāpjǎn kwāncùng 。,587,32.8,31.3,0.0,18.8,0.0,,36.99
739,過咗十年喇！,gwô zó sapnìn lāa ！,893,29.9,24.7,0.0,14.8,2.9,,36.97
740,佢開着咗部收音機。,kěoi hōi zoek zó bou sāujāmgēi 。,948,36.6,36.4,0.0,21.8,2.0,,36.96
741,佢唔係好識煮飯。,kěoi m hai hóu sīk zyúfaan 。,588,35.6,33.6,0.0,20.1,4.4,,36.84
742,閂咗道門佢。,sāan zó doumùn kěoi 。,210,29.9,25.4,0.0,15.2,2.9,,36.75
743,唔曬唔該。,m sâai m gōi 。,159,27.1,20.1,0.0,12.0,4.0,,36.75
744,咦，押韻喎！,jí ， âatwǎn wô ！,282,26.0,21.0,0.0,12.6,0.0,,36.72
745,係咪所有雀仔都識飛㗎？,hai mǎi sójǎu zôek záidōusīk fēi gâa ？,422,37.1,38.2,0.0,22.9,1.8,,36.71
746,阿Tom嚟緊喇。,âa tīom lèi gán lāa 。,402,27.2,21.3,0.0,12.8,2.5,,36.69
747,小心揸車呀。,síusām zāa cēāa 。,889,29.4,24.8,0.0,14.8,2.9,,36.69
748,我淨係見過佢一次咁大把。,ngǒzing hai gîn gwô kěoi jātcî gâm daai báa 。,520,42.7,47.0,0.0,28.2,3.1,,36.64
749,噉改變唔到任何嘢。,gám góibîn m dôu jamhò jě 。,716,35.8,35.3,0.0,21.2,3.3,,36.63
750,我哋嚟緊喇。,ngǒ dei lèi gán lāa 。,298,30.8,25.4,0.0,15.2,5.7,,36.63
751,咁佢哋搵唔搵到呀？,gâm kěoi dei wán m wán dôu āa ？,325,36.5,36.4,0.0,21.9,3.6,,36.62
752,你鐘唔鐘意網球㗎？,něizūng m zūngjî mǒngkàu gâa ？,497,33.5,30.1,0.0,18.1,5.7,,36.57
753,佢撕爛咗本書。,kěoi sīlaan zó búnsyū 。,901,31.8,29.5,0.0,17.7,2.5,,36.55
754,你係唔係經常嚟呀？,něi hai m hai gīngsòeng lèi āa ？,944,36.2,35.1,0.0,21.1,5.0,,36.54
755,聽講佢死咗。,tēnggóng kěoi séi zó 。,884,29.9,25.4,0.0,15.2,4.0,,36.53
756,我洗緊碗而家。,ngǒ sái gánwún jìgāa 。,907,32.5,28.0,0.0,16.8,6.7,,36.53
757,咁係邊個呀？,gâm hai bīngô āa ？,24,28.8,24.7,0.0,14.8,2.9,,36.45
758,我哋間舖頭好大間。,ngǒ dei gāan pôu tàuhóu daaigāan 。,503,35.3,34.1,0.0,20.4,5.0,,36.43
759,好熱呀，我就嚟頂唔順喇。,hóujit āa ， ngǒ zau lèi díng m seon lāa 。,978,41.5,44.4,0.0,26.6,5.0,,36.42
760,返工返成點呀？,fāangūng fáansìngdím āa ？,68,30.2,27.2,0.0,16.3,2.9,,36.38
761,阿Tom喺度睇緊書。,âa tīom hái dou tái gán syū 。,858,31.2,29.5,0.0,17.7,2.0,,36.37
762,我仲係單身。,ngǒzung hai dāansān 。,286,28.5,24.8,0.0,14.8,2.9,,36.28
763,呢個係佢嘅弱點。,nèi gô hai kěoi gê joekdím 。,484,33.6,33.6,0.0,20.1,2.2,,36.26
764,脫歐就係脫歐。,tyûtāu zau hai tyûtāu 。,557,30.0,25.5,0.0,15.3,5.7,,36.21
765,佢屋企好多人。,kěoi ūkkéi hóudō jàn 。,561,32.2,28.0,0.0,16.8,7.5,,36.20
766,佢晏咗起身。,kěoi âan zó héisān 。,230,28.3,24.7,0.0,14.8,2.9,,36.16
767,佢搶咗我個袋。,kěoi cóeng zó ngǒ gô dói 。,899,32.2,29.5,0.0,17.7,5.7,,36.09
768,係咪太細喇？,hai mǎi tâaisâi lāa ？,287,28.0,24.7,0.0,14.8,2.9,,36.02
769,佢哋買咗架新車。,kěoi dei mǎai zó gáa sāncē 。,811,33.1,33.6,0.0,20.1,2.2,,36.02
770,佢游水遊得好叻。,kěoi jàuséoi jàudāk hóu lēk 。,807,32.7,31.6,0.0,18.9,4.4,,36.00
771,佢冇一次係準時㗎。,kěoi mǒu jātcî hai zéonsì gâa 。,715,32.4,31.6,0.0,18.9,3.6,,36.00
772,呢支羹係愛嚟俾茶用嘅。,nèi zīgāng hai ôi lèi béi càa jung gê 。,865,39.3,44.4,0.0,26.6,1.7,,35.98
773,睇嚇！,tái hâak ！,4,20.8,13.2,0.0,7.9,2.5,,35.97
774,佢話你好可愛。,kěoi waa něihóu hóôi 。,668,31.7,28.0,0.0,16.8,7.5,,35.94
775,呢張係一張免費飛。,nèi zōeng hai jātzōeng mǐnfâi fēi 。,840,32.6,33.4,0.0,20.0,2.0,,35.87
776,佢買咗對新手套。,kěoi mǎai zó dêoi sān sáutôu 。,684,32.0,32.4,0.0,19.4,2.2,,35.84
777,阿Tom係個學生。,âa tīom hai gô hoksāang 。,332,28.4,24.7,0.0,14.8,5.0,,35.82
778,佢係個硬頸嘅女仔。,kěoi hai gô ngaang géng gê něoi zái 。,837,35.0,37.7,0.0,22.6,2.0,,35.82
779,嗰座係塔嚟嘅。,gó zo hai tâap lèi gê 。,174,30.2,29.5,0.0,17.7,2.5,,35.77
780,隻雀喺個天空度。,zêk zôek hái gô tīnhūng dou 。,938,31.6,32.4,0.0,19.4,2.0,,35.67
781,佢哋改變咗好多。,kěoi dei góibîn zó hóudō 。,812,32.6,32.4,0.0,19.4,4.4,,35.66
782,巴士站喺邊呀？,bāasizaam hái bīn āa ？,676,29.1,28.0,0.0,16.8,2.5,,35.65
783,我整喊咗阿Tom。,ngǒzíng hâam zó âa tīom 。,183,28.8,24.7,0.0,14.8,6.7,,35.65
784,老鼠好細隻。,lǒusyú hóusâi zêk 。,161,28.1,24.8,0.0,14.8,5.0,,35.63
785,俾我試多次吖。,béi ngǒsî dōcî āa 。,313,30.3,28.0,0.0,16.8,5.7,,35.61
786,佢有兩隻貓。,kěoi jǎu lǒengzêk māau 。,219,28.7,25.4,0.0,15.2,5.7,,35.60
787,唔記得咗密碼？,m gêidāk zó matmǎa ？,237,30.0,28.0,0.0,16.8,5.0,,35.58
788,我咪講咗對唔住囉。,ngǒmǎigóng zó dêoi m zyu lō 。,328,34.0,35.3,0.0,21.2,4.4,,35.51
789,飲咗酒唔好揸車。,jám zó záu m hóu zāa cē 。,794,32.7,33.6,0.0,20.1,4.4,,35.40
790,我哋買咗兩本書。,ngǒ dei mǎai zó lǒengbúnsyū 。,591,31.7,31.6,0.0,18.9,5.0,,35.37
791,你識唔識講法文㗎？,něisīk m sīk góngfâat màn gâa ？,596,31.0,30.1,0.0,18.1,5.7,,35.32
792,講畀我聽你喺邊呀？,góng béi ngǒ tīng něi hái bīn āa ？,960,35.0,37.7,0.0,22.6,4.4,,35.31
793,本書係紅色嘅。,búnsyū hai hùngsīk gê 。,245,28.6,28.5,0.0,17.1,2.5,,35.27
794,本書係黃色嘅。,búnsyū hai wòngsīk gê 。,467,28.6,28.5,0.0,17.1,2.5,,35.27
795,盛惠三歐羅吖。,singwaisāam āulò āa 。,912,28.5,28.5,0.0,17.1,2.5,,35.21
796,你隻錶準唔準㗎？,něi zêk bīu zéonm zéon gâa ？,805,29.4,27.2,0.0,16.3,6.7,,35.20
797,我打爛咗個玻璃杯。,ngǒ dáalaan zó gô bōlēibūi 。,260,32.9,34.7,0.0,20.8,4.4,,35.15
798,玩得開心啲喇！,wundāk hōisām dī lāa ！,166,28.9,28.0,0.0,16.8,4.4,,35.15
799,咁冇禮貌嘅？,gâm mǒu lǎimaau gê ？,894,26.7,25.4,0.0,15.2,2.9,,35.13
800,邊個食曬啲蛋糕？,bīngô siksâai dī daangōu ？,704,29.7,31.6,0.0,18.9,2.0,,34.96
801,收皮啦死八婆！,sāupèi lāa séibâatpò ！,173,28.3,28.5,0.0,17.1,3.3,,34.95
802,Tom愛我哋。,tīom ôingǒ dei 。,112,24.5,17.8,0.0,10.7,10.0,,34.93
803,佢喺希臘出世。,kěoi hái hēilaap cēotsâi 。,771,27.8,28.5,0.0,17.1,2.2,,34.89
804,Tom冇錢。,tīom mǒu cín 。,296,19.3,13.2,0.0,7.9,4.0,,34.89
805,你講咗咩？,něigóng zó mē ？,278,26.4,21.0,0.0,12.6,10.0,,34.89
806,你屋企定我屋企？,něi ūkkéi ding ngǒ ūkkéi ？,496,29.9,29.1,0.0,17.4,6.7,,34.87
807,邊嗰打爛隻碟？,bīn gó dáalaan zêk dip ？,576,28.4,29.5,0.0,17.7,2.5,,34.86
808,六點之前好返屋企喇。,lukdím zīcìn hóufáan ūkkéi lāa 。,718,33.1,37.8,0.0,22.6,1.8,,34.85
809,嗰本簿係邊個㗎？,gó bún bóu hai bīngô gâa ？,942,28.2,29.5,0.0,17.7,2.0,,34.83
810,蕾拉返咗屋企。,lèoi lāai fáan zó ūkkéi 。,664,28.7,28.5,0.0,17.1,5.0,,34.81
811,聽日係星期日。,tīngjat hai sīngkèijat 。,472,27.9,27.2,0.0,16.3,5.0,,34.80
812,我要去瞓覺喇。,ngǒjîu hêoi fângâau lāa 。,773,28.5,28.5,0.0,17.1,4.4,,34.79
813,我喺屋企。,ngǒ hái ūkkéi 。,97,23.3,21.0,0.0,12.6,3.3,,34.70
814,好撚熱呀。,hóu nán jitāa 。,274,23.3,21.0,0.0,12.6,3.3,,34.70
815,隻馬唔係白色㗎。,zêk mǎa m hai baaksīk gâa 。,940,27.4,28.5,0.0,17.1,2.5,,34.64
816,小心揸車。,síusām zāa cē 。,95,22.8,21.0,0.0,12.6,2.5,,34.62
817,佢好似好興奮。,kěoi hóucǐ hóu hīngfǎn 。,652,27.9,27.2,0.0,16.3,5.7,,34.61
818,佢坐咗喺佢隔籬。,kěoi zo zó hái kěoi gâak lèi 。,476,29.6,32.3,0.0,19.4,2.5,,34.59
819,我鍾意飲牛奶多過飲果汁。,ngǒ zūng jî jám ngàunǎai dōgwô jám gwózāp 。,979,37.2,44.5,0.0,26.7,3.3,,34.55
820,佢哋唔食肉。,kěoi dei m sikjuk 。,551,25.8,24.7,0.0,14.8,5.0,,34.50
821,你鍾唔鍾意落雨㗎？,něi zūng m zūng jî lokjyǔ gâa ？,326,29.9,31.2,0.0,18.7,5.7,,34.46
822,我架車係紅色嘅。,ngǒ gáacē hai hùngsīk gê 。,142,29.8,31.6,0.0,18.9,5.0,,34.45
823,佢問咗我一條問題。,kěoi man zó ngǒ jāttìu mantài 。,946,32.5,36.4,0.0,21.9,5.0,,34.31
824,佢哋受過訓練。,kěoi dei saugwô fânlin 。,670,27.1,29.5,0.0,17.7,2.2,,34.24
825,唔好話俾佢哋聽。,m hóuwáa béi kěoi dei tīng 。,249,30.4,33.6,0.0,20.1,4.4,,34.23
826,我要行喇。,ngǒ jîuhàng lāa 。,526,23.3,21.0,0.0,12.6,5.7,,34.22
827,佢好易攰。,kěoi hóu jik 攰 。,622,23.8,21.3,0.0,12.8,6.7,,34.14
828,夠鐘喇。,gâuzūng lāa 。,54,20.0,17.8,0.0,10.7,2.9,,34.11
829,唔好掟石頭。,m hóu dêng sektàu 。,435,25.7,25.4,0.0,15.2,5.7,,34.10
830,Tom鍾意馬仔。,tīom zūng jîmǎazái 。,322,22.9,22.3,0.0,13.4,3.3,,34.06
831,係唔係免費㗎？,hai m hai mǐnfâi gâa ？,69,23.5,23.4,0.0,14.1,3.3,,34.06
832,真係多撚謝曬。,zān hai dō nán zesâai 。,779,26.0,28.5,0.0,17.1,2.0,,34.05
833,佢識彈琴。,kěoi sīk tàankàm 。,742,21.9,21.3,0.0,12.8,2.9,,33.98
834,你會唔會幫佢哋？,něi wúi m wúi bōng kěoi dei ？,494,29.6,32.3,0.0,19.4,5.7,,33.94
835,我個頭好暈。,ngǒ gôtàu hóuwàn 。,370,26.7,26.9,0.0,16.1,6.7,,33.92
836,個個男仔都有架單車。,gôgô nàamzái dōu jǎu gáa dāancē 。,611,31.5,37.0,0.0,22.2,3.6,,33.91
837,你唔攰呀？,něi m 攰 āa ？,342,23.8,21.3,0.0,12.8,8.0,,33.88
838,嗰座係咩嚟㗎？,gó zo hai mē lèi gâa ？,674,24.3,25.4,0.0,15.2,3.3,,33.85
839,佢係俄羅斯人。,kěoi hai ngòlòsī jàn 。,172,26.5,28.5,0.0,17.1,4.4,,33.82
840,你著咩嘥士㗎？,něi zoek mē sāai si gâa ？,786,26.1,25.4,0.0,15.2,8.0,,33.81
841,我隻錶唔知擺咗去邊。,ngǒ zêk bīu m zī báai zó hêoibīn 。,852,34.2,40.4,0.0,24.2,6.0,,33.80
842,埋單吖唔該。,màaidāan āa m gōi 。,294,23.5,24.7,0.0,14.8,2.9,,33.78
843,喺LA冇人行㗎。,hái LA mǒu jànhàng gâa 。,485,22.8,21.0,0.0,12.6,6.7,,33.78
844,你唔坐呀？,něi m zoāa ？,432,23.3,21.0,0.0,12.6,8.0,,33.77
845,佢哋嘗試殺我。,kěoi dei sòengsî sâat ngǒ 。,780,27.1,29.5,0.0,17.7,5.0,,33.71
846,佢俾人罰咗一萬円。,kěoi béi jàn fat zó jātmaan 円 。,949,30.0,35.3,0.0,21.2,3.6,,33.68
847,嗰份報紙係咪今日㗎？,gó fan bôuzí hai mǎi gāmjat gâa ？,856,30.0,36.4,0.0,21.8,2.0,,33.68
848,冇問題。,mǒu mantài 。,53,19.3,17.8,0.0,10.7,3.3,,33.65
849,我爭啲唔記得咗。,ngǒzāng dī m gêidāk zó 。,478,28.2,31.6,0.0,18.9,5.0,,33.62
850,你啲頭髮長得濟。,něi dī tàu fâatcòeng dāk zâi 。,819,28.4,32.4,0.0,19.4,4.4,,33.60
851,份工唔易做㗎。,fangūng m jik zou gâa 。,661,23.8,24.7,0.0,14.8,4.4,,33.59
852,我哋幫隻貓改咗個名，叫做 Mimi。,ngǒ dei bōng zêk māaugói zó gô mìng ， gîuzou Mimi 。,871,37.5,47.0,0.0,28.2,5.5,,33.56
853,對我嚟講無咩分別。,dêoi ngǒ lèi góngmòu mē fānbit 。,603,29.6,35.3,0.0,21.2,3.6,,33.49
854,食得飯未呀？,sikdāk faan mei āa ？,227,23.8,24.7,0.0,14.8,5.0,,33.48
855,佢喺張檯度。,kěoi hái zōeng tói dou 。,371,23.1,25.4,0.0,15.2,2.5,,33.44
856,唔好喺冰上面跣親呀。,m hóu hái bīng soengmin sín cānāa 。,849,31.8,39.2,0.0,23.5,3.6,,33.44
857,我係啱嘅。,ngǒ hai ngāam gê 。,36,22.8,21.3,0.0,12.8,8.0,,33.42
858,唔好掂我部相機。,m hóu dim ngǒbou sôenggēi 。,796,28.4,31.6,0.0,18.9,6.7,,33.41
859,你間學校喺邊呀？,něigāan hokhaau hái bīn āa ？,703,28.0,32.4,0.0,19.4,4.4,,33.39
860,佢寫咗封信。,kěoi sé zó fūngsêon 。,362,22.6,24.7,0.0,14.8,2.9,,33.34
861,佢嗌咗杯啤酒。,kěoi âai zó būi bēzáu 。,379,24.7,28.5,0.0,17.1,2.5,,33.30
862,小心啲揸車。,síusām dī zāa cē 。,217,22.3,24.7,0.0,14.8,2.2,,33.30
863,佢決定辭職。,kěoi kyûtding cìzīk 。,762,23.6,25.4,0.0,15.2,4.4,,33.26
864,我哋冇乜時間淨喇。,ngǒ dei mǒu māt sìgâan zing lāa 。,607,29.9,36.4,0.0,21.8,4.0,,33.25
865,我食緊青瓜。,ngǒ sikgán cēnggwāa 。,882,23.3,24.8,0.0,14.8,5.0,,33.24
866,嗰隻貓定係狗嚟㗎？,gó zêk māau ding hai gáu lèi gâa ？,957,28.3,33.6,0.0,20.1,4.4,,33.20
867,我摺咗隻紙飛機。,ngǒ zîp zó zêk zífēigēi 。,688,27.2,31.6,0.0,18.9,5.0,,33.13
868,你識唔識睇譜㗎？,něisīk m sīk tái póu gâa ？,473,25.2,27.2,0.0,16.3,6.7,,33.09
869,我哋喺度睇緊電視。,ngǒ dei hái dou tái gán dinsi 。,505,30.3,37.7,0.0,22.6,4.0,,33.07
870,有咩生果係紅色㗎？,jǎu mē sāanggwó hai hùngsīk gâa ？,415,26.6,31.6,0.0,18.9,4.0,,33.01
871,佢忍住啲眼淚。,kěoi jánzyu dī ngǎanleoi 。,560,23.7,28.0,0.0,16.8,2.2,,32.99
872,發生乜嘢事呀？,fâatsāng mātjě si āa ？,246,23.8,28.0,0.0,16.8,2.5,,32.97
873,攞嗰本書俾我吖。,ló gó búnsyū béi ngǒ āa 。,683,27.8,33.6,0.0,20.1,5.0,,32.83
874,話俾我知邊個贏咗。,waa béi ngǒ zī bīngô jèng zó 。,263,28.6,35.3,0.0,21.2,4.4,,32.83
875,我每朝早都會剃鬚。,ngǒ mǔicìu zóu dōu wúi tâisōu 。,832,29.1,36.4,0.0,21.8,4.0,,32.82
876,幾時開始㗎？,géisì hōicí gâa ？,448,20.0,22.3,0.0,13.4,2.5,,32.79
877,邊個提議㗎？,bīngô tàijǐ gâa ？,555,20.0,22.3,0.0,13.4,2.5,,32.78
878,你係同邊個一齊嚟㗎？,něi hai tùng bīngô jātcài lèi gâa ？,860,29.1,35.3,0.0,21.2,6.0,,32.77
879,牛食草。,ngàu sikcóu 。,618,17.5,17.8,0.0,10.7,3.3,,32.76
880,佢病咗喎，好似係。,kěoi beng zó wô ， hóucǐ hai 。,709,26.7,32.4,0.0,19.4,4.4,,32.71
881,我星期日唔喺屋企。,ngǒ sīngkèijat m hái ūkkéi 。,711,27.8,34.7,0.0,20.8,4.4,,32.59
882,賣曬喇！,maai sâai lāa ！,87,16.7,17.2,0.0,10.3,2.9,,32.59
883,我仲讀緊書。,ngǒzungduk gánsyū 。,544,22.0,26.9,0.0,16.1,2.9,,32.35
884,乾咗佢！,gōn zó kěoi ！,91,16.6,17.2,0.0,10.3,4.0,,32.32
885,第十臺喺度播緊啲咩呀？,daisap tòi hái dou bô gán dī mē āa ？,866,32.5,44.4,0.0,26.6,3.6,,32.21
886,兔仔真係太可愛喇。,tôuzái zān hai tâai hóôi lāa 。,595,26.0,34.7,0.0,20.8,2.0,,32.20
887,個細路好大聲噉喊,gô sâilou hóu daaisīng gám hâam,939,27.2,35.3,0.0,21.2,4.0,,32.19
888,佢架單車係藍色嘅。,kěoi gáa dāancē hai làamsīk gê 。,598,27.5,37.7,0.0,22.6,2.0,,32.03
889,佢幾時出世㗎？,kěoi géisì cēotsâi gâa ？,390,19.9,24.7,0.0,14.8,2.5,,32.03
890,佢個真名係咩？,kěoi gô zānmìng hai mē ？,673,22.3,28.5,0.0,17.1,2.9,,32.02
891,吽喺屋企一啲都唔好玩。,ngau hái ūkkéi jāt dī dōu m hóuwáan 。,975,31.2,43.1,0.0,25.8,3.3,,32.00
892,關我撚事咩。,gwāanngǒ nán si mē 。,541,20.4,24.7,0.0,14.8,4.4,,31.93
893,你以前唔係噉講㗎喎。,něi jǐcìn m hai gám góng gâa wô 。,515,27.8,36.4,0.0,21.8,5.5,,31.91
894,我哋返緊屋企。,ngǒ dei fáangán ūkkéi 。,783,22.6,28.0,0.0,16.8,5.0,,31.89
895,我輸咗場比賽。,ngǒsyū zó còeng béicôi 。,242,23.1,28.5,0.0,17.1,5.7,,31.87
896,其實我知。,kèisat ngǒzī 。,738,19.7,22.3,0.0,13.4,6.7,,31.83
897,咩聲嚟？,mē sīng lèi ？,340,16.0,17.2,0.0,10.3,5.0,,31.82
898,咩聲嚟㗎？,mē sīng lèi gâa ？,532,16.0,17.2,0.0,10.3,5.0,,31.82
899,佢哋講緊啲咩呀？,kěoi dei góng gán dī mē āa ？,700,25.8,33.6,0.0,20.1,5.0,,31.82
900,佢翹埋對腳。,kěoi kìu màai dêoi gôek 。,538,19.8,25.4,0.0,15.2,2.5,,31.79
901,屌，我唔撚撈喇。,díu ， ngǒ m nán lōu lāa 。,179,24.2,29.5,0.0,17.7,7.5,,31.75
902,我哋間舖頭閂咗門。,ngǒ dei gāan pôu tàusāan zó mùn 。,713,26.9,36.4,0.0,21.8,4.4,,31.63
903,佢畫咗個蘋果。,kěoi wáa zó gô pìnggwó 。,309,21.9,29.5,0.0,17.7,2.5,,31.62
904,佢嚟緊喇。,kěoi lèi gán lāa 。,275,17.2,21.3,0.0,12.8,2.9,,31.61
905,你唔攰咩？,něi m 攰 mē ？,123,20.0,21.3,0.0,12.8,10.0,,31.60
906,我會保護佢哋㗎喇。,ngǒwúi bóuwu kěoi dei gâa lāa 。,413,23.9,31.6,0.0,18.9,4.4,,31.57
907,我哋唔可以入去。,ngǒ dei m hójǐ japhêoi 。,254,26.0,31.6,0.0,18.9,10.0,,31.53
908,你而家可以入去喇。,něi jìgāa hójǐ japhêoi lāa 。,416,26.0,34.7,0.0,20.8,5.5,,31.51
909,佢開美容院。,kěoi hōi měijùngjyún 。,890,18.8,24.8,0.0,14.8,2.5,,31.47
910,聖誕節快樂！,sîngdâanzît fâailok ！,229,20.0,26.9,0.0,16.1,2.2,,31.46
911,佢賣車。,kěoi maai cē 。,118,14.6,17.2,0.0,10.3,3.3,,31.44
912,隻貓食咗隻老鼠。,zêk māausik zó zêk lǒusyú 。,810,22.0,30.3,0.0,18.2,2.5,,31.39
913,你好似好攰咁喎。,něi hóucǐ hóu 攰 gâm wô 。,594,23.3,31.2,0.0,18.7,5.0,,31.32
914,呢條呔幾多錢呀？,nītìu tāai géidō cín āa ？,686,22.9,31.6,0.0,18.9,3.3,,31.31
915,邊個嗌呀？,bīngô âai āa ？,62,16.5,21.0,0.0,12.6,3.3,,31.27
916,我諗我明㗎喇。,ngǒ nám ngǒmìng gâa lāa 。,658,20.0,23.4,0.0,14.1,8.6,,31.26
917,講唔該吖。,góngm gōi āa 。,58,16.4,21.0,0.0,12.6,3.3,,31.22
918,唱歌好易。,côenggō hóujik 。,354,17.5,22.3,0.0,13.4,4.4,,31.16
919,我唔係俾人炒魷魚，係自己劈炮唔撈嘅。,ngǒ m hai béi jàn cáaujàujyú ， hai zigéi pêkpâau m lōu gê 。,984,41.0,63.0,0.0,37.8,2.7,,31.06
920,而家中午。,jìgāa zūngng 。,78,17.5,22.3,0.0,13.4,5.0,,31.05
921,嘥曬！,sāai sâai ！,85,10.0,13.2,0.0,7.9,0.0,,31.05
922,睇跣！,tái sín ！,423,10.0,13.2,0.0,7.9,0.0,,31.05
923,佢係咪的士司機嚟㗎？,kěoi hai mǎi dīksí sīgēi lèi gâa ？,723,24.1,35.3,0.0,21.2,2.0,,31.04
924,Tom未到。,tīom meidôu 。,446,16.9,16.2,0.0,9.7,13.3,,30.91
925,佢整唔見咗條車匙。,kěoi zíng m gîn zó tìu cē sì 。,597,24.8,37.7,0.0,22.6,2.0,,30.71
926,我啱啱諗到條正橋。,ngǒ ngāam ngāam nám dôutìu zîngkìu 。,950,23.3,34.1,0.0,20.4,4.0,,30.64
927,佢哋嚟緊喇。,kěoi dei lèi gán lāa 。,645,17.5,25.4,0.0,15.2,2.5,,30.64
928,千祈唔好自殺。,cīnkèi m hóu zisâat 。,314,20.0,28.0,0.0,16.8,5.0,,30.60
929,唔該唱首歌啦。,m gōi côengsáugō lāa 。,463,20.0,28.0,0.0,16.8,6.0,,30.40
930,佢將架車泊咗喺邊呀？,kěoi zôeng gáacē bok zó hái bīn āa ？,514,26.5,41.8,0.0,25.1,1.8,,30.37
931,睇嚇！佢嚟咗喇！,tái hâak ！ kěoi lèi zó lāa ！,321,19.4,29.5,0.0,17.7,2.5,,30.35
932,我嗰陣喺度睇緊電視。,ngǒ gó zan hái dou tái gán dinsi 。,967,27.1,41.8,0.0,25.1,3.6,,30.29
933,邊個講嘢？,bīngô góng jě ？,61,14.9,22.3,0.0,13.4,2.5,,30.25
934,過嚟！,gwô lèi ！,26,10.0,13.2,0.0,7.9,4.0,,30.25
935,洗手間喺邊？,sáisáugāan hái bīn ？,554,16.4,24.7,0.0,14.8,2.9,,30.23
936,嗰個女人係邊個嚟㗎？,gó gô něoijàn hai bīngô lèi gâa ？,337,22.4,34.1,0.0,20.4,4.0,,30.19
937,佢開魚檔嘅。,kěoi hōi jyù dông gê 。,437,16.7,25.4,0.0,15.2,2.9,,30.18
938,我啱啱由嗰邊嚟。,ngǒ ngāam ngāam jàu gó bīn lèi 。,928,21.4,32.3,0.0,19.4,4.4,,30.13
939,我杯啫喱雪極都唔瓊。,ngǒbūi zēléi syûtgik dōu m kìng 。,512,25.1,38.2,0.0,22.9,5.0,,30.08
940,佢仲嬲緊。,kěoi zung nāu gán 。,345,14.0,21.3,0.0,12.8,2.9,,30.01
941,啲書邊個㗎？,dī syū bīngô gâa ？,766,13.5,21.0,0.0,12.6,2.5,,29.97
942,點解森美唔嚟嘅？,dímgáai sāmměi m lèi gê ？,817,19.6,31.6,0.0,18.9,2.2,,29.90
943,你識唔識講意大利文㗎？,něisīk m sīkgóng jîdaaileimàn gâa ？,730,23.6,36.8,0.0,22.1,4.4,,29.87
944,我部相機俾人撻咗。,ngǒbou sôenggēi béijàn tâat zó 。,712,22.7,35.3,0.0,21.2,4.4,,29.85
945,你哋唔攰咩？,něi dei m 攰 mē ？,280,18.0,25.4,0.0,15.2,8.0,,29.78
946,佢係邊個？,kěoi hai bīngô ？,63,13.4,21.3,0.0,12.8,2.9,,29.74
947,佢哋發現咗喇。,kěoi dei fâatjin zó lāa 。,175,18.1,29.5,0.0,17.7,2.5,,29.72
948,我要好好噉讀書。,ngǒjîu hóuhóu gám duksyū 。,690,19.7,30.1,0.0,18.1,5.7,,29.68
949,請留步。,cínglàubou 。,73,10.0,17.8,0.0,10.7,0.0,,29.68
950,嗱，鎖匙。,nàa ， sósì 。,426,10.0,17.8,0.0,10.7,0.0,,29.68
951,試嚇。,sîhǎa 。,44,10.0,16.2,0.0,9.7,2.5,,29.65
952,佢話佢會嚟。,kěoi waa kěoi wúi lèi 。,632,14.5,24.2,0.0,14.5,2.9,,29.41
953,佢哋啱。,kěoi dei ngāam 。,149,10.0,17.2,0.0,10.3,3.3,,29.16
954,你買咗啲乜嘢呀？,něi mǎai zó dī mātjě āa ？,323,19.2,32.4,0.0,19.4,4.4,,28.97
955,好近㗎咋！,hóugan gâa zâa ！,989,10.0,17.8,0.0,10.7,4.0,,28.88
956,我哋唞咗一陣。,ngǒ dei táu zó jātzan 。,782,18.0,28.5,0.0,17.1,8.6,,28.74
957,企喺度嗰個邊個嚟？,kěi hái dou gó gô bīngô lèi ？,844,19.9,36.4,0.0,21.9,1.8,,28.67
958,你應該食少啲煙。,něi jīnggōi siksíu dī jīn 。,818,18.0,31.6,0.0,18.9,4.4,,28.64
959,好容易噃。,hóujùngji bô 。,37,11.9,22.3,0.0,13.4,3.3,,28.58
960,阿 Susan 煮嘢食好叻㗎。,âa Susan zyú jě sikhóu lēk gâa 。,736,16.0,28.5,0.0,17.1,4.4,,28.56
961,三嘅三次方係廿七。,sāam gê sāamcîfōng hai jaacāt 。,144,18.0,33.4,0.0,20.0,2.2,,28.53
962,阿Tom瞓緊晏覺。,âa tīom fân gán âan gôk 。,606,13.0,25.4,0.0,15.2,2.2,,28.43
963,佢急急腳噉走咗。,kěoi gāpgāp gôek gám záu zó 。,589,16.7,31.2,0.0,18.7,2.9,,28.41
964,呢張梳化幾多錢呀？,nèi zōeng sōfáa géidō cín āa ？,827,19.2,35.3,0.0,21.2,3.1,,28.37
965,海納百川.,hóinaapbâakcyūn .,629,10.0,22.3,0.0,13.4,0.0,,28.30
966,邊個幫過佢哋？,bīngô bōng gwô kěoi dei ？,247,14.5,28.5,0.0,17.1,2.2,,28.28
967,你啱啱講咩話？,něi ngāam ngāam góng mē waa ？,785,16.7,28.2,0.0,16.9,8.0,,28.26
968,夠鐘上牀瞓覺喇。,gâuzūng sǒengcòng fângâau lāa 。,932,16.7,32.4,0.0,19.4,1.8,,28.24
969,佢應該買樓。,kěoi jīnggōi mǎailàu 。,754,12.7,25.4,0.0,15.2,2.5,,28.24
970,而家幾點鐘呀？,jìgāa géidímzūng āa ？,574,15.0,28.5,0.0,17.1,4.0,,28.15
971,嗰個幾錢？,gó gô géi cín ？,272,10.0,21.3,0.0,12.8,2.5,,28.10
972,Tom冇返屋企。,tīom mǒu fáan ūkkéi 。,489,10.0,21.0,0.0,12.6,3.3,,28.03
973,電話響。,dinwaahóeng 。,194,10.0,23.3,0.0,14.0,0.0,,28.02
974,頭先餐飯啱唔啱你嘅口味？,tàusīn cāanfaan ngāam m ngāam něi gê háumei ？,867,24.3,44.5,0.0,26.7,4.0,,27.98
975,我漏咗張卡喺屋企。,ngǒlau zó zōeng kāa hái ūkkéi 。,951,18.9,35.3,0.0,21.2,4.4,,27.95
976,我啱啱賣咗架車。,ngǒ ngāam ngāam maai zó gáacē 。,584,16.7,31.2,0.0,18.7,5.7,,27.84
977,因住撞頭。,jānzyu zongtàu 。,154,10.0,22.3,0.0,13.4,2.5,,27.80
978,我唔係初哥嚟㗎喇。,ngǒ m hai cōgō lèi gâa lāa 。,956,16.7,32.4,0.0,19.4,5.0,,27.61
979,我明。,ngǒmìng 。,16,10.0,16.2,0.0,9.7,13.3,,27.48
980,佢阿爸係咪醫生嚟㗎？,kěoi âabāa hai mǎi jīsāng lèi gâa ？,968,17.4,35.3,0.0,21.2,3.6,,27.37
981,唔好喺度亂噏廿四！,m hóu hái dou lyun ngāp jaasêi ！,707,17.9,36.4,0.0,21.8,4.0,,27.21
982,嗰男仔跳緊。,gó nàamzái tîugán 。,445,10.0,24.8,0.0,14.8,2.2,,27.13
983,開始落雨喇。,hōicí lokjyǔ lāa 。,887,10.0,24.8,0.0,14.8,2.2,,27.13
984,佢屋企喺邊？,kěoi ūkkéi hái bīn ？,449,10.0,24.7,0.0,14.8,2.5,,27.10
985,佢學緊游水。,kěoi hok gán jàuséoi 。,892,10.0,24.7,0.0,14.8,2.5,,27.10
986,佢識吹口哨。,kěoi sīk cēoiháusâau 。,998,10.0,24.8,0.0,14.8,2.5,,27.07
987,Tom決定咗留低。,tīom kyûtding zó làudāi 。,604,10.0,24.8,0.0,14.8,2.9,,27.00
988,我覺得啱啱幾好吖。,ngǒ gôkdāk ngāam ngāam géihóu āa 。,955,16.7,34.1,0.0,20.4,6.7,,26.78
989,而家係十點踏正。,jìgāa hai sapdím daapzîng 。,931,13.8,31.3,0.0,18.8,3.6,,26.75
990,都柏林喺愛爾蘭。,dōupâaklàm hái ôijǐlàan 。,682,13.6,31.6,0.0,18.9,4.0,,26.55
991,Tom食得好少。,tīom sikdāk hóusíu 。,697,10.0,22.3,0.0,13.4,10.0,,26.30
992,我租唔起車。,ngǒzōu m héicē 。,756,10.0,24.8,0.0,14.8,6.7,,26.24
993,嘩，條女咁撚索嘅！,wāa ， tìunéoi gâm nán sôk gê ！,258,12.6,32.4,0.0,19.4,2.2,,26.14
994,佢領養咗嗰個孤兒。,kěoi lǐngjǒeng zó gó gô gūjì 。,825,15.6,37.7,0.0,22.6,2.0,,26.08
995,佢證實咗係間諜。,kěoi zîngsat zó hai gâandip 。,798,12.8,33.6,0.0,20.1,2.2,,25.89
996,聽日會唔會落雨㗎？,tīngjatwúi m wúi lokjyǔ gâa ？,845,10.0,30.1,0.0,18.1,4.4,,25.09
997,「咪嘈啦！」佢細細聲噉講。,「 mǎi còu lāa ！ 」 kěoi sâisâi sīng gám góng 。,870,16.2,40.5,0.0,24.3,4.4,,25.06
998,一講曹操，曹操就到。,jātgóng còucōu ， còucōuzaudôu 。,513,10.0,33.5,0.0,20.1,2.5,,24.45
999,我個喉嚨好似比火燒噉。,ngǒgô hàulùng hóucǐ béi fósīu gám 。,265,14.0,40.8,0.0,24.5,3.6,,24.03
